order_item_id,order_id,product_id,quantity,unit_price
1,1,13,3.0,13965.78
2,1,31,5.0,35120.83
3,2,49,2.0,20030.09
4,2,19,2.0,6328.83
5,2,61,1.0,37568.8
6,2,23,4.0,28909.87
7,3,18,5.0,36513.62
8,3,69,3.0,30487.61
9,3,63,3.0,7992.07
10,3,33,5.0,26753.58
12,5,8,2.0,10022.0
13,5,33,4.0,26753.58
14,6,58,3.0,43052.91
15,7,47,3.0,26994.97
16,7,72,5.0,45932.83
17,7,33,3.0,26753.58
18,8,53,1.0,7726.78
19,9,87,5.0,49757.95
20,9,26,5.0,42780.35
22,10,100,3.0,39252.51
23,10,46,3.0,12406.71
24,11,100,4.0,39252.51
25,11,11,4.0,37964.49
26,11,79,3.0,40819.56
27,11,60,2.0,34117.35
28,12,82,3.0,8339.84
29,12,54,5.0,39624.76
30,13,10,1.0,29504.36
31,13,21,3.0,41487.29
32,13,30,3.0,10554.4
33,13,41,3.0,45665.49
34,14,78,4.0,4374.11
35,14,35,4.0,13570.4
36,14,100,3.0,39252.51
37,15,53,2.0,7726.78
38,15,24,1.0,2386.64
39,15,17,2.0,30225.93
40,15,85,3.0,37787.73
41,16,27,2.0,19068.3
42,17,14,1.0,47864.93
43,17,9,4.0,21034.04
44,17,71,1.0,27015.01
45,17,4,4.0,4438.25
46,18,14,3.0,47864.93
47,19,11,4.0,37964.49
48,19,40,2.0,13460.27
49,20,95,3.0,42995.81
50,20,57,2.0,26502.81
53,22,42,4.0,43830.74
54,22,60,5.0,34117.35
55,22,35,5.0,13570.4
56,23,18,5.0,36513.62
57,23,23,5.0,28909.87
58,23,77,4.0,43912.68
59,23,81,5.0,33021.57
60,24,68,5.0,42099.3
61,24,40,3.0,13460.27
62,24,62,5.0,5666.45
63,24,30,1.0,10554.4
64,25,40,3.0,13460.27
65,25,53,3.0,7726.78
66,25,20,3.0,4032.13
67,25,2,1.0,12320.1
68,26,45,3.0,7229.29
69,26,61,5.0,37568.8
70,27,89,4.0,22629.16
71,28,39,1.0,40271.79
72,28,99,4.0,28852.96
73,28,38,5.0,11529.5
74,28,30,1.0,10554.4
75,29,25,4.0,38676.11
76,29,72,4.0,45932.83
77,29,51,2.0,25525.36
78,30,92,4.0,11582.73
79,30,49,2.0,20030.09
80,31,11,4.0,37964.49
81,31,81,2.0,33021.57
82,31,67,5.0,43538.88
83,32,37,5.0,42158.31
84,32,35,4.0,13570.4
85,32,25,1.0,38676.11
86,33,18,3.0,36513.62
87,33,15,4.0,5200.29
88,34,35,5.0,13570.4
89,34,63,2.0,7992.07
90,34,42,1.0,43830.74
91,34,20,1.0,4032.13
92,35,24,1.0,2386.64
93,36,35,2.0,13570.4
94,36,92,4.0,11582.73
95,36,94,1.0,11524.2
96,37,12,2.0,34937.16
97,37,2,4.0,12320.1
98,38,44,4.0,19842.03
99,38,40,4.0,13460.27
100,39,60,1.0,34117.35
101,39,43,1.0,10710.06
102,39,97,2.0,33481.99
103,40,35,4.0,13570.4
104,41,70,4.0,18758.3
105,42,25,3.0,38676.11
106,42,49,1.0,20030.09
107,43,99,2.0,28852.96
108,44,99,4.0,28852.96
109,44,32,1.0,30495.64
110,44,26,4.0,42780.35
111,44,95,1.0,42995.81
112,45,61,4.0,37568.8
113,45,88,3.0,21961.19
114,46,21,1.0,41487.29
115,46,96,5.0,25756.39
116,46,67,1.0,43538.88
117,47,62,3.0,5666.45
118,47,26,3.0,42780.35
119,47,7,2.0,30140.73
120,48,31,4.0,35120.83
121,49,2,2.0,12320.1
122,49,36,5.0,11058.8
123,49,16,4.0,4926.15
124,50,2,1.0,12320.1
125,50,75,4.0,43948.22
126,51,48,1.0,21478.85
127,51,32,2.0,30495.64
128,52,12,5.0,34937.16
129,52,44,1.0,19842.03
130,52,8,3.0,10022.0
131,52,83,2.0,43634.41
132,53,17,4.0,30225.93
133,54,41,5.0,45665.49
134,54,83,3.0,43634.41
135,55,94,2.0,11524.2
136,55,3,4.0,36849.91
137,55,46,2.0,12406.71
138,55,33,1.0,26753.58
139,56,91,4.0,1149.61
140,56,72,3.0,45932.83
141,56,70,4.0,18758.3
142,56,25,5.0,38676.11
143,57,70,3.0,18758.3
144,57,42,4.0,43830.74
145,58,77,5.0,43912.68
146,58,21,1.0,41487.29
147,58,68,2.0,42099.3
148,59,38,3.0,11529.5
149,59,70,3.0,18758.3
150,59,59,1.0,34046.14
151,59,100,5.0,39252.51
152,60,94,2.0,11524.2
153,60,3,5.0,36849.91
154,60,47,5.0,26994.97
155,60,31,3.0,35120.83
156,61,85,5.0,37787.73
157,62,25,5.0,38676.11
158,62,88,4.0,21961.19
159,62,99,5.0,28852.96
160,62,20,5.0,4032.13
161,63,42,4.0,43830.74
162,63,83,3.0,43634.41
163,63,15,1.0,5200.29
165,65,5,2.0,1685.96
166,65,14,4.0,47864.93
167,66,13,1.0,13965.78
168,66,74,4.0,5682.2
169,67,68,5.0,42099.3
170,67,90,5.0,11312.4
171,67,33,1.0,26753.58
172,67,47,2.0,26994.97
173,68,2,2.0,12320.1
174,69,11,4.0,37964.49
175,69,82,1.0,8339.84
176,69,47,5.0,26994.97
177,69,96,4.0,25756.39
178,70,91,1.0,1149.61
179,70,79,3.0,40819.56
180,70,68,1.0,42099.3
181,71,39,1.0,40271.79
182,72,67,1.0,43538.88
183,72,13,2.0,13965.78
184,73,25,2.0,38676.11
185,73,68,2.0,42099.3
186,73,73,2.0,16275.39
187,73,72,5.0,45932.83
188,74,96,1.0,25756.39
189,74,99,5.0,28852.96
190,74,46,4.0,12406.71
191,74,90,4.0,11312.4
192,75,22,2.0,44284.04
193,76,65,3.0,48597.22
194,76,85,2.0,37787.73
195,76,69,5.0,30487.61
196,76,57,3.0,26502.81
197,77,71,3.0,27015.01
198,77,48,4.0,21478.85
199,77,98,4.0,27007.77
200,78,78,2.0,4374.11
201,78,73,5.0,16275.39
202,78,28,4.0,31820.65
203,79,47,4.0,26994.97
204,79,58,4.0,43052.91
205,79,1,1.0,1348.04
206,80,77,1.0,43912.68
207,80,67,2.0,43538.88
208,80,39,1.0,40271.79
209,81,29,2.0,8216.44
210,81,41,1.0,45665.49
211,81,99,3.0,28852.96
212,82,13,1.0,13965.78
213,82,59,3.0,34046.14
214,83,18,3.0,36513.62
215,83,47,5.0,26994.97
216,84,30,3.0,10554.4
217,84,39,1.0,40271.79
218,85,73,2.0,16275.39
219,85,94,1.0,11524.2
220,85,93,3.0,458.82
221,85,62,2.0,5666.45
222,86,89,5.0,22629.16
223,86,13,5.0,13965.78
224,86,83,3.0,43634.41
225,86,5,5.0,1685.96
226,87,11,1.0,37964.49
227,87,99,3.0,28852.96
228,87,45,4.0,7229.29
229,87,54,1.0,39624.76
230,88,96,5.0,25756.39
231,88,2,4.0,12320.1
232,89,40,5.0,13460.27
233,90,41,5.0,45665.49
234,91,42,5.0,43830.74
235,91,90,2.0,11312.4
236,92,7,4.0,30140.73
237,92,58,5.0,43052.91
238,93,29,4.0,8216.44
239,94,51,2.0,25525.36
240,94,17,3.0,30225.93
241,94,11,4.0,37964.49
242,95,71,4.0,27015.01
243,96,11,4.0,37964.49
244,96,65,4.0,48597.22
245,96,100,2.0,39252.51
246,97,62,5.0,5666.45
247,97,26,4.0,42780.35
248,98,84,5.0,48221.71
249,98,26,5.0,42780.35
250,98,79,5.0,40819.56
251,98,32,2.0,30495.64
252,99,35,4.0,13570.4
253,100,88,5.0,21961.19
254,100,12,1.0,34937.16
255,100,86,4.0,35676.15
256,101,47,3.0,26994.97
257,101,25,3.0,38676.11
258,101,45,5.0,7229.29
259,101,84,1.0,48221.71
260,102,22,3.0,44284.04
261,102,79,4.0,40819.56
262,102,80,2.0,38315.14
264,103,26,3.0,42780.35
265,103,20,1.0,4032.13
266,103,15,1.0,5200.29
267,104,80,2.0,38315.14
268,104,37,1.0,42158.31
269,105,89,1.0,22629.16
270,105,40,4.0,13460.27
271,105,61,1.0,37568.8
272,106,27,5.0,19068.3
273,106,28,2.0,31820.65
274,106,70,5.0,18758.3
275,107,71,4.0,27015.01
276,107,80,2.0,38315.14
277,107,89,1.0,22629.16
278,108,75,5.0,43948.22
280,108,22,1.0,44284.04
281,108,37,2.0,42158.31
282,109,7,4.0,30140.73
283,109,84,1.0,48221.71
284,109,9,4.0,21034.04
285,110,85,3.0,37787.73
286,110,14,1.0,47864.93
287,110,38,4.0,11529.5
288,111,49,5.0,20030.09
289,111,91,1.0,1149.61
290,112,63,5.0,7992.07
291,112,69,1.0,30487.61
292,112,24,2.0,2386.64
293,113,72,1.0,45932.83
295,113,68,3.0,42099.3
296,113,43,4.0,10710.06
297,114,96,2.0,25756.39
298,114,3,3.0,36849.91
299,114,88,3.0,21961.19
300,114,46,3.0,12406.71
301,115,65,3.0,48597.22
302,115,8,3.0,10022.0
303,116,4,5.0,4438.25
304,116,36,2.0,11058.8
305,116,20,3.0,4032.13
306,116,51,2.0,25525.36
307,117,94,4.0,11524.2
308,118,54,2.0,39624.76
309,118,74,2.0,5682.2
310,119,40,5.0,13460.27
311,119,43,4.0,10710.06
312,119,70,2.0,18758.3
313,119,27,2.0,19068.3
314,120,18,3.0,36513.62
315,120,89,5.0,22629.16
316,121,56,2.0,19142.8
317,121,84,5.0,48221.71
318,122,41,1.0,45665.49
319,122,72,5.0,45932.83
320,123,24,3.0,2386.64
321,124,94,1.0,11524.2
322,124,98,3.0,27007.77
323,125,53,3.0,7726.78
324,125,57,3.0,26502.81
325,125,20,2.0,4032.13
326,125,14,2.0,47864.93
327,126,4,5.0,4438.25
328,126,79,3.0,40819.56
329,127,77,2.0,43912.68
330,127,30,1.0,10554.4
331,128,11,4.0,37964.49
332,128,18,5.0,36513.62
333,128,78,4.0,4374.11
334,129,24,4.0,2386.64
335,129,63,4.0,7992.07
336,129,18,2.0,36513.62
337,130,29,1.0,8216.44
338,130,53,1.0,7726.78
339,131,53,2.0,7726.78
340,131,96,2.0,25756.39
341,131,97,2.0,33481.99
342,132,23,4.0,28909.87
343,133,89,3.0,22629.16
344,133,59,2.0,34046.14
345,133,55,4.0,29860.81
346,133,100,1.0,39252.51
347,134,93,3.0,458.82
348,134,51,5.0,25525.36
349,134,96,5.0,25756.39
350,134,77,5.0,43912.68
351,135,67,1.0,43538.88
352,136,59,1.0,34046.14
353,136,32,5.0,30495.64
354,136,69,4.0,30487.61
355,136,95,1.0,42995.81
356,137,67,1.0,43538.88
357,137,25,3.0,38676.11
358,137,57,4.0,26502.81
359,137,39,3.0,40271.79
360,138,22,4.0,44284.04
361,138,38,5.0,11529.5
362,138,7,5.0,30140.73
363,138,19,4.0,6328.83
364,139,12,5.0,34937.16
365,139,15,2.0,5200.29
366,139,100,5.0,39252.51
367,139,90,5.0,11312.4
368,140,51,4.0,25525.36
369,140,42,4.0,43830.74
370,141,23,4.0,28909.87
371,142,59,1.0,34046.14
372,142,33,3.0,26753.58
373,143,92,1.0,11582.73
374,143,12,1.0,34937.16
375,144,82,3.0,8339.84
376,144,11,5.0,37964.49
377,144,91,4.0,1149.61
378,144,94,5.0,11524.2
379,145,49,5.0,20030.09
380,145,49,1.0,20030.09
381,146,43,5.0,10710.06
382,146,85,2.0,37787.73
383,147,19,2.0,6328.83
384,147,99,1.0,28852.96
385,148,40,3.0,13460.27
386,148,94,4.0,11524.2
387,148,37,2.0,42158.31
388,148,16,2.0,4926.15
389,149,1,5.0,1348.04
390,149,98,3.0,27007.77
391,150,59,4.0,34046.14
392,151,70,1.0,18758.3
393,151,78,4.0,4374.11
394,151,31,2.0,35120.83
395,151,76,4.0,12048.67
396,152,53,4.0,7726.78
397,152,11,5.0,37964.49
398,152,77,1.0,43912.68
399,152,32,5.0,30495.64
400,153,80,5.0,38315.14
401,153,27,1.0,19068.3
402,153,24,2.0,2386.64
403,154,84,3.0,48221.71
404,155,19,1.0,6328.83
405,156,43,1.0,10710.06
406,156,7,1.0,30140.73
407,156,54,2.0,39624.76
408,157,87,3.0,49757.95
409,157,79,5.0,40819.56
410,158,59,5.0,34046.14
411,158,47,1.0,26994.97
412,159,99,3.0,28852.96
413,160,48,4.0,21478.85
414,160,9,4.0,21034.04
415,160,71,1.0,27015.01
416,161,61,2.0,37568.8
417,161,16,3.0,4926.15
418,161,43,5.0,10710.06
419,162,68,2.0,42099.3
420,162,90,2.0,11312.4
421,162,79,1.0,40819.56
422,162,14,5.0,47864.93
423,163,62,5.0,5666.45
424,164,55,5.0,29860.81
425,164,41,3.0,45665.49
426,164,68,5.0,42099.3
427,165,17,5.0,30225.93
428,165,73,4.0,16275.39
429,165,67,4.0,43538.88
430,166,24,5.0,2386.64
431,166,30,3.0,10554.4
432,166,25,1.0,38676.11
433,166,16,1.0,4926.15
434,167,81,1.0,33021.57
435,167,95,2.0,42995.81
436,167,79,4.0,40819.56
437,167,53,1.0,7726.78
438,168,45,5.0,7229.29
439,168,82,2.0,8339.84
440,168,2,2.0,12320.1
441,169,33,1.0,26753.58
442,169,40,3.0,13460.27
443,169,65,5.0,48597.22
444,170,99,1.0,28852.96
445,170,15,3.0,5200.29
446,170,44,4.0,19842.03
447,171,23,2.0,28909.87
448,172,44,4.0,19842.03
449,172,61,1.0,37568.8
450,172,83,2.0,43634.41
451,173,20,4.0,4032.13
452,173,69,3.0,30487.61
453,173,60,4.0,34117.35
454,173,96,1.0,25756.39
455,174,73,3.0,16275.39
456,174,72,5.0,45932.83
457,174,3,2.0,36849.91
458,175,46,1.0,12406.71
459,175,20,3.0,4032.13
460,175,4,3.0,4438.25
461,176,81,5.0,33021.57
462,176,22,5.0,44284.04
463,176,78,4.0,4374.11
464,176,24,5.0,2386.64
465,177,97,3.0,33481.99
466,178,91,1.0,1149.61
467,178,35,4.0,13570.4
468,178,12,4.0,34937.16
469,179,48,4.0,21478.85
470,179,39,2.0,40271.79
471,180,23,1.0,28909.87
472,180,48,1.0,21478.85
473,180,100,2.0,39252.51
474,181,57,5.0,26502.81
475,182,62,5.0,5666.45
476,183,25,3.0,38676.11
477,183,62,5.0,5666.45
478,184,100,3.0,39252.51
479,184,19,1.0,6328.83
480,184,67,2.0,43538.88
481,185,93,1.0,458.82
482,185,59,4.0,34046.14
483,186,1,3.0,1348.04
484,187,88,5.0,21961.19
485,188,43,4.0,10710.06
486,189,14,5.0,47864.93
487,190,3,5.0,36849.91
488,190,98,3.0,27007.77
489,190,82,2.0,8339.84
490,191,26,2.0,42780.35
491,191,37,3.0,42158.31
492,191,69,3.0,30487.61
493,192,86,1.0,35676.15
494,192,35,2.0,13570.4
495,192,21,3.0,41487.29
496,192,15,1.0,5200.29
497,193,27,5.0,19068.3
498,194,71,3.0,27015.01
499,194,35,2.0,13570.4
500,194,91,3.0,1149.61
501,195,22,1.0,44284.04
502,195,40,5.0,13460.27
503,196,70,4.0,18758.3
504,196,7,2.0,30140.73
505,196,4,4.0,4438.25
506,197,14,4.0,47864.93
507,198,12,4.0,34937.16
508,199,23,5.0,28909.87
509,199,76,4.0,12048.67
510,199,79,3.0,40819.56
511,199,40,3.0,13460.27
512,200,92,5.0,11582.73
513,200,11,4.0,37964.49
514,201,12,4.0,34937.16
515,201,13,4.0,13965.78
516,202,88,4.0,21961.19
517,202,61,2.0,37568.8
518,202,29,2.0,8216.44
519,203,47,4.0,26994.97
520,203,24,3.0,2386.64
521,203,42,4.0,43830.74
522,204,4,1.0,4438.25
523,204,61,1.0,37568.8
524,204,45,4.0,7229.29
525,204,60,2.0,34117.35
526,205,99,3.0,28852.96
527,205,78,5.0,4374.11
528,205,17,5.0,30225.93
529,206,52,1.0,37813.53
530,207,72,1.0,45932.83
531,207,39,5.0,40271.79
532,207,60,4.0,34117.35
533,208,31,5.0,35120.83
534,208,32,5.0,30495.64
535,208,21,4.0,41487.29
536,208,50,1.0,49866.56
537,209,27,5.0,19068.3
538,209,56,4.0,19142.8
539,209,73,3.0,16275.39
540,210,23,1.0,28909.87
541,210,95,5.0,42995.81
542,211,15,5.0,5200.29
543,211,77,4.0,43912.68
544,211,42,5.0,43830.74
545,211,13,4.0,13965.78
546,212,40,4.0,13460.27
547,212,9,5.0,21034.04
548,213,88,5.0,21961.19
549,214,42,4.0,43830.74
550,214,83,1.0,43634.41
551,214,12,2.0,34937.16
552,214,18,5.0,36513.62
553,215,97,2.0,33481.99
554,216,58,5.0,43052.91
555,216,38,4.0,11529.5
556,217,26,2.0,42780.35
557,217,88,3.0,21961.19
558,217,39,5.0,40271.79
559,217,87,3.0,49757.95
560,218,92,3.0,11582.73
561,218,12,5.0,34937.16
562,218,2,5.0,12320.1
563,218,66,4.0,25433.32
564,219,38,1.0,11529.5
565,219,48,5.0,21478.85
566,220,1,5.0,1348.04
567,221,15,3.0,5200.29
568,221,4,2.0,4438.25
569,221,56,5.0,19142.8
570,222,81,3.0,33021.57
571,222,92,4.0,11582.73
572,222,52,4.0,37813.53
573,222,56,5.0,19142.8
574,223,85,2.0,37787.73
575,223,61,2.0,37568.8
576,224,72,4.0,45932.83
577,224,47,4.0,26994.97
578,225,37,2.0,42158.31
579,225,18,1.0,36513.62
580,226,83,1.0,43634.41
581,227,93,4.0,458.82
582,227,85,4.0,37787.73
583,228,11,2.0,37964.49
584,228,83,4.0,43634.41
585,229,90,5.0,11312.4
586,229,55,5.0,29860.81
587,229,24,4.0,2386.64
588,229,66,4.0,25433.32
589,230,50,3.0,49866.56
590,230,29,2.0,8216.44
591,230,55,5.0,29860.81
592,230,1,5.0,1348.04
593,231,94,2.0,11524.2
594,231,92,5.0,11582.73
595,231,35,4.0,13570.4
596,231,70,5.0,18758.3
597,232,5,1.0,1685.96
598,232,73,4.0,16275.39
599,232,91,3.0,1149.61
600,233,75,4.0,43948.22
601,234,19,5.0,6328.83
602,235,60,5.0,34117.35
603,235,11,5.0,37964.49
604,235,79,1.0,40819.56
605,236,61,1.0,37568.8
606,236,88,5.0,21961.19
607,237,79,1.0,40819.56
608,237,44,5.0,19842.03
609,237,100,1.0,39252.51
610,238,59,5.0,34046.14
611,238,61,5.0,37568.8
612,238,94,3.0,11524.2
613,238,54,3.0,39624.76
614,239,38,2.0,11529.5
615,239,5,5.0,1685.96
616,239,96,3.0,25756.39
617,240,8,4.0,10022.0
618,240,75,2.0,43948.22
619,240,74,1.0,5682.2
620,241,95,5.0,42995.81
621,241,4,3.0,4438.25
622,241,63,1.0,7992.07
623,242,65,1.0,48597.22
624,242,36,3.0,11058.8
625,243,79,3.0,40819.56
626,243,36,3.0,11058.8
627,244,95,1.0,42995.81
628,245,76,2.0,12048.67
629,245,85,4.0,37787.73
630,246,23,3.0,28909.87
631,246,90,2.0,11312.4
632,246,63,2.0,7992.07
633,247,44,1.0,19842.03
634,248,77,2.0,43912.68
635,248,64,4.0,47695.41
636,249,31,4.0,35120.83
637,249,93,2.0,458.82
638,249,27,5.0,19068.3
639,249,94,3.0,11524.2
640,250,83,3.0,43634.41
641,251,7,2.0,30140.73
642,252,52,4.0,37813.53
643,252,39,4.0,40271.79
644,252,96,5.0,25756.39
645,252,30,4.0,10554.4
646,253,61,3.0,37568.8
647,253,19,5.0,6328.83
648,253,56,1.0,19142.8
649,253,37,4.0,42158.31
650,254,87,3.0,49757.95
651,254,68,1.0,42099.3
652,254,13,5.0,13965.78
653,254,82,3.0,8339.84
654,255,79,3.0,40819.56
655,255,43,3.0,10710.06
656,255,35,1.0,13570.4
657,255,33,5.0,26753.58
658,256,60,2.0,34117.35
659,256,94,5.0,11524.2
660,256,99,2.0,28852.96
661,256,67,3.0,43538.88
662,257,41,5.0,45665.49
663,257,2,1.0,12320.1
664,258,2,4.0,12320.1
665,259,68,1.0,42099.3
666,260,45,2.0,7229.29
667,260,93,3.0,458.82
668,260,33,2.0,26753.58
669,260,5,1.0,1685.96
670,261,8,5.0,10022.0
671,262,77,1.0,43912.68
672,262,91,1.0,1149.61
673,263,78,2.0,4374.11
674,264,85,5.0,37787.73
675,264,24,1.0,2386.64
676,264,90,2.0,11312.4
677,264,33,3.0,26753.58
678,265,85,1.0,37787.73
679,265,82,4.0,8339.84
680,265,36,4.0,11058.8
681,265,89,3.0,22629.16
682,266,21,1.0,41487.29
683,266,36,1.0,11058.8
684,266,49,4.0,20030.09
685,267,8,3.0,10022.0
686,267,34,2.0,8253.78
687,267,57,1.0,26502.81
688,268,26,5.0,42780.35
689,268,51,2.0,25525.36
690,268,83,4.0,43634.41
691,268,14,2.0,47864.93
692,269,28,5.0,31820.65
693,269,83,1.0,43634.41
694,269,57,3.0,26502.81
695,269,14,1.0,47864.93
696,270,10,5.0,29504.36
697,271,100,4.0,39252.51
698,271,3,4.0,36849.91
699,271,20,1.0,4032.13
700,272,86,4.0,35676.15
701,273,20,3.0,4032.13
702,273,51,5.0,25525.36
703,273,1,5.0,1348.04
704,274,62,4.0,5666.45
705,274,52,1.0,37813.53
706,274,70,2.0,18758.3
707,274,1,4.0,1348.04
708,275,16,5.0,4926.15
709,275,69,3.0,30487.61
710,275,43,3.0,10710.06
711,275,52,1.0,37813.53
712,276,47,5.0,26994.97
713,277,11,4.0,37964.49
714,277,98,3.0,27007.77
715,277,83,2.0,43634.41
716,278,71,1.0,27015.01
717,278,50,2.0,49866.56
718,279,90,4.0,11312.4
719,279,14,3.0,47864.93
720,279,63,1.0,7992.07
721,280,95,2.0,42995.81
722,280,18,1.0,36513.62
723,280,25,1.0,38676.11
724,280,93,5.0,458.82
725,281,63,4.0,7992.07
726,281,9,5.0,21034.04
727,282,64,5.0,47695.41
728,282,58,1.0,43052.91
729,282,5,3.0,1685.96
730,283,44,1.0,19842.03
731,284,16,2.0,4926.15
732,284,84,5.0,48221.71
733,284,59,5.0,34046.14
734,284,20,5.0,4032.13
735,285,10,1.0,29504.36
736,285,95,2.0,42995.81
737,286,84,1.0,48221.71
738,286,61,5.0,37568.8
740,286,90,2.0,11312.4
741,287,23,1.0,28909.87
742,288,13,4.0,13965.78
743,288,79,2.0,40819.56
744,288,76,1.0,12048.67
745,289,15,4.0,5200.29
746,290,9,2.0,21034.04
747,290,55,3.0,29860.81
748,291,42,1.0,43830.74
749,291,88,5.0,21961.19
750,291,70,2.0,18758.3
751,291,42,2.0,43830.74
752,292,76,2.0,12048.67
753,293,9,1.0,21034.04
754,293,36,2.0,11058.8
755,293,97,4.0,33481.99
756,294,90,3.0,11312.4
757,294,71,2.0,27015.01
758,295,32,5.0,30495.64
760,295,13,5.0,13965.78
761,295,49,2.0,20030.09
762,296,63,1.0,7992.07
763,297,1,2.0,1348.04
764,298,91,5.0,1149.61
765,299,54,4.0,39624.76
766,299,89,2.0,22629.16
767,299,27,2.0,19068.3
768,300,67,4.0,43538.88
769,300,53,2.0,7726.78
770,300,23,5.0,28909.87
771,301,77,2.0,43912.68
772,302,79,1.0,40819.56
773,302,81,3.0,33021.57
774,302,45,4.0,7229.29
775,302,1,5.0,1348.04
776,303,25,1.0,38676.11
777,303,68,1.0,42099.3
778,304,98,5.0,27007.77
779,304,65,2.0,48597.22
780,304,60,2.0,34117.35
781,305,7,2.0,30140.73
782,305,15,2.0,5200.29
783,305,88,4.0,21961.19
784,306,23,2.0,28909.87
785,306,86,1.0,35676.15
786,306,7,3.0,30140.73
787,306,37,2.0,42158.31
788,307,33,3.0,26753.58
789,307,79,4.0,40819.56
791,307,95,1.0,42995.81
792,308,21,1.0,41487.29
793,308,63,5.0,7992.07
794,309,10,2.0,29504.36
795,310,76,5.0,12048.67
796,310,42,4.0,43830.74
797,310,26,3.0,42780.35
798,310,30,1.0,10554.4
799,311,30,1.0,10554.4
800,311,31,4.0,35120.83
801,311,26,4.0,42780.35
802,312,10,4.0,29504.36
803,312,75,4.0,43948.22
804,313,56,2.0,19142.8
805,314,79,4.0,40819.56
806,314,23,4.0,28909.87
807,315,18,4.0,36513.62
808,315,93,2.0,458.82
809,315,81,3.0,33021.57
810,316,26,3.0,42780.35
811,316,17,1.0,30225.93
812,316,89,5.0,22629.16
813,317,36,2.0,11058.8
814,318,60,4.0,34117.35
815,319,22,3.0,44284.04
816,319,29,3.0,8216.44
817,319,78,2.0,4374.11
818,319,82,5.0,8339.84
819,320,74,5.0,5682.2
820,320,30,1.0,10554.4
821,321,67,4.0,43538.88
822,321,28,5.0,31820.65
823,321,61,4.0,37568.8
824,321,36,1.0,11058.8
825,322,95,2.0,42995.81
826,322,32,3.0,30495.64
827,322,56,5.0,19142.8
828,322,29,5.0,8216.44
829,323,74,1.0,5682.2
830,323,54,1.0,39624.76
831,324,61,5.0,37568.8
832,325,55,5.0,29860.81
833,326,62,1.0,5666.45
834,326,58,4.0,43052.91
835,326,31,1.0,35120.83
836,326,72,1.0,45932.83
837,327,28,2.0,31820.65
838,327,46,3.0,12406.71
839,327,31,1.0,35120.83
840,327,3,4.0,36849.91
841,328,21,4.0,41487.29
842,328,74,5.0,5682.2
843,328,4,4.0,4438.25
844,329,99,2.0,28852.96
845,329,91,4.0,1149.61
846,329,24,3.0,2386.64
847,329,81,4.0,33021.57
848,330,81,1.0,33021.57
849,331,89,3.0,22629.16
850,331,68,1.0,42099.3
851,331,38,4.0,11529.5
852,331,97,3.0,33481.99
853,332,88,1.0,21961.19
854,332,80,3.0,38315.14
855,333,66,3.0,25433.32
856,334,15,4.0,5200.29
857,335,60,5.0,34117.35
859,335,47,2.0,26994.97
860,336,72,2.0,45932.83
861,337,43,2.0,10710.06
862,337,70,1.0,18758.3
863,338,95,5.0,42995.81
864,338,90,2.0,11312.4
865,338,97,2.0,33481.99
866,338,42,3.0,43830.74
867,339,65,4.0,48597.22
868,339,36,1.0,11058.8
869,339,9,3.0,21034.04
870,340,58,4.0,43052.91
871,340,65,5.0,48597.22
872,340,16,4.0,4926.15
873,341,58,5.0,43052.91
874,341,48,1.0,21478.85
875,341,25,4.0,38676.11
876,342,11,4.0,37964.49
877,343,37,1.0,42158.31
878,343,14,2.0,47864.93
879,344,15,2.0,5200.29
880,344,64,2.0,47695.41
881,344,27,5.0,19068.3
882,345,38,4.0,11529.5
883,346,61,3.0,37568.8
884,346,54,4.0,39624.76
885,347,38,2.0,11529.5
886,348,3,2.0,36849.91
887,349,53,5.0,7726.78
888,349,44,3.0,19842.03
889,349,63,5.0,7992.07
890,350,59,3.0,34046.14
891,350,73,2.0,16275.39
892,350,40,2.0,13460.27
893,350,34,2.0,8253.78
894,351,48,3.0,21478.85
895,351,99,1.0,28852.96
896,351,19,3.0,6328.83
897,351,37,4.0,42158.31
898,352,80,2.0,38315.14
899,352,92,5.0,11582.73
900,353,24,2.0,2386.64
901,353,91,2.0,1149.61
902,353,21,2.0,41487.29
904,355,57,3.0,26502.81
905,355,48,2.0,21478.85
906,356,72,1.0,45932.83
907,356,86,3.0,35676.15
908,357,19,3.0,6328.83
909,357,58,5.0,43052.91
910,357,21,5.0,41487.29
911,358,16,1.0,4926.15
912,358,52,4.0,37813.53
913,358,99,2.0,28852.96
914,359,41,2.0,45665.49
915,359,1,5.0,1348.04
916,359,65,3.0,48597.22
917,359,83,3.0,43634.41
918,360,38,5.0,11529.5
919,360,86,2.0,35676.15
920,360,73,4.0,16275.39
921,360,44,1.0,19842.03
923,361,87,5.0,49757.95
924,361,15,3.0,5200.29
925,361,4,4.0,4438.25
926,362,58,3.0,43052.91
927,362,12,3.0,34937.16
928,363,78,2.0,4374.11
929,364,99,3.0,28852.96
930,364,26,1.0,42780.35
931,365,69,4.0,30487.61
932,366,66,4.0,25433.32
933,367,63,3.0,7992.07
934,367,78,5.0,4374.11
935,368,86,3.0,35676.15
936,369,19,4.0,6328.83
937,369,48,4.0,21478.85
938,369,48,1.0,21478.85
939,369,37,3.0,42158.31
940,370,40,4.0,13460.27
941,370,72,1.0,45932.83
942,370,28,4.0,31820.65
943,371,57,3.0,26502.81
944,371,21,4.0,41487.29
945,371,94,4.0,11524.2
946,371,18,5.0,36513.62
947,372,19,2.0,6328.83
948,373,61,5.0,37568.8
949,373,43,1.0,10710.06
950,373,76,4.0,12048.67
951,374,1,4.0,1348.04
952,375,54,2.0,39624.76
953,375,72,4.0,45932.83
954,375,91,5.0,1149.61
955,376,26,2.0,42780.35
956,376,49,3.0,20030.09
958,377,75,3.0,43948.22
959,377,64,5.0,47695.41
960,377,95,4.0,42995.81
961,378,4,1.0,4438.25
962,378,20,3.0,4032.13
963,379,82,4.0,8339.84
964,379,16,3.0,4926.15
965,379,54,2.0,39624.76
966,380,89,2.0,22629.16
967,380,4,1.0,4438.25
968,380,98,3.0,27007.77
969,380,64,1.0,47695.41
970,381,75,4.0,43948.22
971,381,73,4.0,16275.39
972,381,34,4.0,8253.78
973,382,48,5.0,21478.85
974,383,34,2.0,8253.78
975,384,19,3.0,6328.83
976,385,89,2.0,22629.16
977,385,46,2.0,12406.71
978,385,7,3.0,30140.73
979,385,47,4.0,26994.97
980,386,7,3.0,30140.73
981,386,38,5.0,11529.5
982,386,82,1.0,8339.84
983,387,99,2.0,28852.96
984,387,98,1.0,27007.77
985,388,70,3.0,18758.3
986,388,41,3.0,45665.49
987,389,88,3.0,21961.19
988,389,13,5.0,13965.78
989,389,75,3.0,43948.22
990,390,2,2.0,12320.1
991,390,67,3.0,43538.88
992,391,100,4.0,39252.51
993,391,53,3.0,7726.78
994,391,21,1.0,41487.29
995,392,20,5.0,4032.13
996,392,29,2.0,8216.44
997,393,54,4.0,39624.76
998,394,15,2.0,5200.29
999,395,62,3.0,5666.45
1000,396,89,3.0,22629.16
1001,396,18,4.0,36513.62
1002,396,77,5.0,43912.68
1003,397,23,3.0,28909.87
1004,397,4,1.0,4438.25
1005,397,29,2.0,8216.44
1006,398,89,2.0,22629.16
1007,398,40,2.0,13460.27
1008,399,17,1.0,30225.93
1009,399,55,1.0,29860.81
1010,400,3,4.0,36849.91
1012,401,14,1.0,47864.93
1013,401,85,5.0,37787.73
1014,401,76,1.0,12048.67
1015,402,16,3.0,4926.15
1017,402,39,1.0,40271.79
1018,402,97,1.0,33481.99
1019,403,78,2.0,4374.11
1020,404,24,3.0,2386.64
1021,404,4,1.0,4438.25
1022,405,96,3.0,25756.39
1023,405,75,3.0,43948.22
1024,406,21,5.0,41487.29
1025,406,100,5.0,39252.51
1026,406,31,5.0,35120.83
1027,407,13,5.0,13965.78
1028,408,68,2.0,42099.3
1029,409,37,2.0,42158.31
1030,409,97,5.0,33481.99
1031,410,93,1.0,458.82
1032,411,65,4.0,48597.22
1033,411,47,5.0,26994.97
1034,412,57,1.0,26502.81
1035,412,24,3.0,2386.64
1036,413,55,2.0,29860.81
1037,413,66,2.0,25433.32
1038,413,53,1.0,7726.78
1039,413,98,3.0,27007.77
1040,414,60,1.0,34117.35
1041,415,64,3.0,47695.41
1042,415,91,3.0,1149.61
1043,416,11,3.0,37964.49
1044,417,15,4.0,5200.29
1045,417,37,4.0,42158.31
1046,417,77,3.0,43912.68
1047,417,88,4.0,21961.19
1048,418,71,4.0,27015.01
1049,418,38,4.0,11529.5
1050,419,9,4.0,21034.04
1051,419,87,3.0,49757.95
1052,420,2,4.0,12320.1
1053,420,87,1.0,49757.95
1054,421,57,5.0,26502.81
1055,421,85,1.0,37787.73
1056,421,16,2.0,4926.15
1057,421,51,4.0,25525.36
1058,422,95,2.0,42995.81
1059,423,47,2.0,26994.97
1060,424,26,5.0,42780.35
1061,424,52,1.0,37813.53
1062,424,30,4.0,10554.4
1063,425,36,5.0,11058.8
1064,425,76,3.0,12048.67
1065,425,97,4.0,33481.99
1066,425,46,4.0,12406.71
1067,426,63,5.0,7992.07
1068,426,36,2.0,11058.8
1069,426,99,4.0,28852.96
1070,426,14,1.0,47864.93
1071,427,63,4.0,7992.07
1072,427,30,2.0,10554.4
1073,427,4,1.0,4438.25
1074,428,9,4.0,21034.04
1075,429,23,4.0,28909.87
1076,430,20,3.0,4032.13
1077,430,80,5.0,38315.14
1078,430,13,1.0,13965.78
1079,431,60,2.0,34117.35
1080,431,38,4.0,11529.5
1081,431,63,5.0,7992.07
1082,431,34,5.0,8253.78
1083,432,70,5.0,18758.3
1084,432,3,1.0,36849.91
1085,432,56,1.0,19142.8
1086,433,58,3.0,43052.91
1087,433,49,4.0,20030.09
1088,433,59,1.0,34046.14
1089,433,5,2.0,1685.96
1090,434,91,2.0,1149.61
1091,434,63,4.0,7992.07
1092,434,18,3.0,36513.62
1093,435,63,1.0,7992.07
1094,435,73,4.0,16275.39
1095,435,85,5.0,37787.73
1096,435,88,5.0,21961.19
1097,436,61,5.0,37568.8
1098,436,21,5.0,41487.29
1099,436,8,4.0,10022.0
1100,436,34,4.0,8253.78
1101,437,79,3.0,40819.56
1102,437,99,3.0,28852.96
1103,437,42,1.0,43830.74
1104,437,4,5.0,4438.25
1105,438,17,3.0,30225.93
1106,439,95,5.0,42995.81
1107,439,4,3.0,4438.25
1108,439,49,1.0,20030.09
1109,440,45,3.0,7229.29
1110,440,53,3.0,7726.78
1111,440,8,2.0,10022.0
1112,440,32,2.0,30495.64
1113,441,76,1.0,12048.67
1114,441,89,1.0,22629.16
1115,441,40,1.0,13460.27
1116,442,22,1.0,44284.04
1117,442,69,3.0,30487.61
1118,442,5,4.0,1685.96
1119,443,73,5.0,16275.39
1120,443,54,3.0,39624.76
1121,443,3,4.0,36849.91
1122,443,76,1.0,12048.67
1123,444,49,5.0,20030.09
1124,444,50,3.0,49866.56
1125,444,74,1.0,5682.2
1126,445,13,2.0,13965.78
1127,445,44,4.0,19842.03
1128,445,65,3.0,48597.22
1129,445,22,5.0,44284.04
1130,446,47,4.0,26994.97
1131,446,26,4.0,42780.35
1132,446,82,1.0,8339.84
1133,447,37,3.0,42158.31
1134,447,7,3.0,30140.73
1135,448,29,5.0,8216.44
1136,448,96,1.0,25756.39
1137,448,92,5.0,11582.73
1138,448,13,5.0,13965.78
1139,449,35,1.0,13570.4
1140,449,73,5.0,16275.39
1141,449,61,4.0,37568.8
1142,450,45,1.0,7229.29
1143,450,84,3.0,48221.71
1144,451,56,5.0,19142.8
1145,451,41,2.0,45665.49
1146,451,54,4.0,39624.76
1147,452,80,5.0,38315.14
1148,452,59,5.0,34046.14
1149,452,24,1.0,2386.64
1150,453,74,4.0,5682.2
1151,453,28,4.0,31820.65
1152,454,82,5.0,8339.84
1153,454,79,4.0,40819.56
1154,454,73,1.0,16275.39
1155,455,47,4.0,26994.97
1156,455,19,2.0,6328.83
1157,456,96,3.0,25756.39
1158,456,56,4.0,19142.8
1159,457,9,2.0,21034.04
1160,457,53,3.0,7726.78
1161,457,37,2.0,42158.31
1162,458,88,5.0,21961.19
1163,458,31,4.0,35120.83
1164,458,31,1.0,35120.83
1165,459,25,1.0,38676.11
1166,459,32,3.0,30495.64
1167,460,63,5.0,7992.07
1168,460,56,4.0,19142.8
1169,460,83,1.0,43634.41
1170,460,26,2.0,42780.35
1171,461,18,1.0,36513.62
1172,461,34,3.0,8253.78
1173,461,85,5.0,37787.73
1174,462,83,1.0,43634.41
1175,462,93,4.0,458.82
1176,463,8,1.0,10022.0
1177,464,78,3.0,4374.11
1178,464,9,4.0,21034.04
1179,464,47,1.0,26994.97
1180,465,93,2.0,458.82
1181,465,31,1.0,35120.83
1182,465,74,5.0,5682.2
1183,465,16,5.0,4926.15
1184,466,64,1.0,47695.41
1185,466,31,5.0,35120.83
1186,466,16,3.0,4926.15
1187,467,75,4.0,43948.22
1188,467,96,2.0,25756.39
1189,467,55,2.0,29860.81
1190,468,14,2.0,47864.93
1191,468,28,3.0,31820.65
1192,469,53,3.0,7726.78
1193,469,76,1.0,12048.67
1194,469,63,5.0,7992.07
1195,469,48,1.0,21478.85
1196,470,70,4.0,18758.3
1197,470,61,2.0,37568.8
1198,470,36,2.0,11058.8
1199,471,61,3.0,37568.8
1200,471,40,1.0,13460.27
1201,471,83,5.0,43634.41
1202,472,95,1.0,42995.81
1203,473,33,5.0,26753.58
1204,473,50,3.0,49866.56
1205,474,88,1.0,21961.19
1206,474,69,2.0,30487.61
1207,474,57,4.0,26502.81
1208,475,51,3.0,25525.36
1209,476,12,2.0,34937.16
1210,476,39,2.0,40271.79
1211,476,21,4.0,41487.29
1212,477,99,4.0,28852.96
1213,477,5,3.0,1685.96
1214,477,11,4.0,37964.49
1215,478,95,4.0,42995.81
1216,478,43,4.0,10710.06
1217,478,13,2.0,13965.78
1218,478,90,3.0,11312.4
1219,479,46,4.0,12406.71
1220,480,59,1.0,34046.14
1221,480,98,1.0,27007.77
1222,480,83,2.0,43634.41
1223,481,83,2.0,43634.41
1224,481,1,4.0,1348.04
1225,481,26,3.0,42780.35
1226,481,41,5.0,45665.49
1227,482,15,2.0,5200.29
1228,483,67,2.0,43538.88
1229,483,77,4.0,43912.68
1230,484,58,4.0,43052.91
1231,484,95,2.0,42995.81
1232,484,34,2.0,8253.78
1233,485,37,2.0,42158.31
1234,485,11,4.0,37964.49
1235,485,48,2.0,21478.85
1236,486,49,5.0,20030.09
1237,486,29,1.0,8216.44
1238,486,3,5.0,36849.91
1239,486,83,5.0,43634.41
1240,487,12,4.0,34937.16
1241,487,26,3.0,42780.35
1242,488,7,4.0,30140.73
1243,488,80,4.0,38315.14
1244,489,20,1.0,4032.13
1245,489,48,2.0,21478.85
1246,489,73,1.0,16275.39
1247,490,92,5.0,11582.73
1248,491,99,4.0,28852.96
1249,491,87,4.0,49757.95
1250,491,16,2.0,4926.15
1251,491,92,2.0,11582.73
1252,492,35,3.0,13570.4
1253,492,96,4.0,25756.39
1254,493,17,4.0,30225.93
1255,493,27,5.0,19068.3
1256,493,28,3.0,31820.65
1257,493,94,2.0,11524.2
1258,494,24,4.0,2386.64
1259,494,19,1.0,6328.83
1260,494,38,3.0,11529.5
1261,494,31,5.0,35120.83
1262,495,32,3.0,30495.64
1263,495,75,4.0,43948.22
1264,495,11,1.0,37964.49
1265,495,61,2.0,37568.8
1266,496,89,4.0,22629.16
1267,496,88,2.0,21961.19
1268,496,92,4.0,11582.73
1269,497,95,5.0,42995.81
1270,497,33,1.0,26753.58
1271,497,13,5.0,13965.78
1272,497,8,1.0,10022.0
1273,498,31,4.0,35120.83
1274,498,46,5.0,12406.71
1275,498,86,5.0,35676.15
1276,499,1,3.0,1348.04
1277,500,39,4.0,40271.79
1278,500,86,3.0,35676.15
1279,500,17,5.0,30225.93
1281,501,34,2.0,8253.78
1282,501,65,4.0,48597.22
1283,502,60,2.0,34117.35
1284,502,12,3.0,34937.16
1285,502,91,5.0,1149.61
1286,503,19,3.0,6328.83
1287,503,15,3.0,5200.29
1289,503,64,3.0,47695.41
1290,504,56,3.0,19142.8
1291,504,34,5.0,8253.78
1292,504,98,3.0,27007.77
1293,505,56,2.0,19142.8
1294,505,41,4.0,45665.49
1295,505,98,2.0,27007.77
1296,506,7,2.0,30140.73
1297,506,20,1.0,4032.13
1298,506,30,2.0,10554.4
1299,506,5,4.0,1685.96
1300,507,21,4.0,41487.29
1301,507,56,1.0,19142.8
1302,507,64,1.0,47695.41
1303,508,46,5.0,12406.71
1304,508,63,4.0,7992.07
1305,508,64,1.0,47695.41
1306,508,93,2.0,458.82
1307,509,45,1.0,7229.29
1308,510,37,2.0,42158.31
1309,510,22,5.0,44284.04
1310,511,73,5.0,16275.39
1311,511,28,5.0,31820.65
1312,511,1,5.0,1348.04
1313,512,54,1.0,39624.76
1314,512,32,4.0,30495.64
1315,513,43,1.0,10710.06
1316,514,88,1.0,21961.19
1317,514,51,3.0,25525.36
1318,514,76,1.0,12048.67
1319,515,20,1.0,4032.13
1320,515,11,4.0,37964.49
1321,515,91,4.0,1149.61
1322,516,81,3.0,33021.57
1323,516,77,1.0,43912.68
1324,516,43,1.0,10710.06
1325,516,84,5.0,48221.71
1326,517,42,5.0,43830.74
1327,517,17,2.0,30225.93
1328,517,7,3.0,30140.73
1329,517,42,1.0,43830.74
1330,518,71,5.0,27015.01
1331,519,12,4.0,34937.16
1332,519,33,2.0,26753.58
1333,519,31,4.0,35120.83
1334,519,12,1.0,34937.16
1335,520,21,4.0,41487.29
1336,520,100,4.0,39252.51
1337,521,83,2.0,43634.41
1338,521,16,3.0,4926.15
1339,521,63,4.0,7992.07
1340,522,88,5.0,21961.19
1341,522,17,3.0,30225.93
1342,522,86,1.0,35676.15
1343,523,66,2.0,25433.32
1344,523,63,4.0,7992.07
1345,523,50,4.0,49866.56
1346,524,73,5.0,16275.39
1347,524,55,1.0,29860.81
1348,524,97,4.0,33481.99
1349,525,79,2.0,40819.56
1350,525,56,4.0,19142.8
1351,525,12,1.0,34937.16
1352,526,60,2.0,34117.35
1353,526,83,2.0,43634.41
1354,526,64,5.0,47695.41
1355,527,38,4.0,11529.5
1356,528,11,4.0,37964.49
1357,528,39,2.0,40271.79
1358,528,17,3.0,30225.93
1359,528,32,5.0,30495.64
1360,529,38,5.0,11529.5
1361,529,7,5.0,30140.73
1362,529,10,1.0,29504.36
1363,529,66,1.0,25433.32
1364,530,53,1.0,7726.78
1365,530,60,5.0,34117.35
1366,530,33,3.0,26753.58
1367,530,33,5.0,26753.58
1368,531,99,5.0,28852.96
1369,532,15,4.0,5200.29
1370,533,24,4.0,2386.64
1372,534,91,3.0,1149.61
1373,534,41,5.0,45665.49
1374,534,93,4.0,458.82
1375,534,97,4.0,33481.99
1376,535,44,2.0,19842.03
1377,535,28,2.0,31820.65
1378,535,11,5.0,37964.49
1379,536,87,1.0,49757.95
1380,536,56,5.0,19142.8
1381,536,3,1.0,36849.91
1382,537,15,1.0,5200.29
1383,537,22,4.0,44284.04
1384,537,59,4.0,34046.14
1385,537,85,5.0,37787.73
1386,538,39,5.0,40271.79
1387,538,79,3.0,40819.56
1388,538,89,4.0,22629.16
1389,538,39,1.0,40271.79
1390,539,18,1.0,36513.62
1391,539,25,1.0,38676.11
1392,540,90,2.0,11312.4
1393,541,27,4.0,19068.3
1394,542,84,2.0,48221.71
1395,542,56,5.0,19142.8
1396,543,12,3.0,34937.16
1397,543,99,4.0,28852.96
1398,544,61,4.0,37568.8
1399,544,3,1.0,36849.91
1400,545,20,4.0,4032.13
1401,545,63,4.0,7992.07
1402,546,58,5.0,43052.91
1403,547,26,3.0,42780.35
1404,547,73,4.0,16275.39
1405,548,43,1.0,10710.06
1406,549,81,4.0,33021.57
1407,550,64,5.0,47695.41
1408,550,77,5.0,43912.68
1409,550,38,1.0,11529.5
1410,550,63,4.0,7992.07
1411,551,66,5.0,25433.32
1412,551,93,5.0,458.82
1413,551,87,4.0,49757.95
1414,551,30,1.0,10554.4
1415,552,55,5.0,29860.81
1416,553,71,1.0,27015.01
1417,553,35,4.0,13570.4
1418,553,61,1.0,37568.8
1419,554,80,3.0,38315.14
1420,554,58,4.0,43052.91
1421,554,3,2.0,36849.91
1422,554,37,2.0,42158.31
1423,555,45,4.0,7229.29
1424,555,30,5.0,10554.4
1425,555,29,5.0,8216.44
1426,555,88,3.0,21961.19
1427,556,17,3.0,30225.93
1428,556,93,4.0,458.82
1429,556,54,3.0,39624.76
1430,556,61,2.0,37568.8
1431,557,37,1.0,42158.31
1432,557,86,4.0,35676.15
1433,558,23,2.0,28909.87
1434,558,21,5.0,41487.29
1435,559,13,4.0,13965.78
1436,559,64,3.0,47695.41
1437,559,31,2.0,35120.83
1438,559,72,1.0,45932.83
1439,560,46,3.0,12406.71
1440,561,87,2.0,49757.95
1441,561,23,5.0,28909.87
1442,561,5,1.0,1685.96
1443,562,56,1.0,19142.8
1444,562,80,2.0,38315.14
1445,562,16,5.0,4926.15
1446,563,63,3.0,7992.07
1447,563,44,3.0,19842.03
1448,564,99,5.0,28852.96
1449,565,20,5.0,4032.13
1450,565,78,1.0,4374.11
1451,565,91,1.0,1149.61
1452,566,59,1.0,34046.14
1453,566,14,5.0,47864.93
1454,566,79,1.0,40819.56
1455,566,72,1.0,45932.83
1456,567,22,1.0,44284.04
1457,568,47,2.0,26994.97
1458,568,94,3.0,11524.2
1459,569,98,5.0,27007.77
1460,569,64,1.0,47695.41
1461,569,20,3.0,4032.13
1462,569,43,2.0,10710.06
1463,570,26,4.0,42780.35
1464,571,99,1.0,28852.96
1465,571,32,4.0,30495.64
1466,571,44,3.0,19842.03
1467,571,65,2.0,48597.22
1468,572,35,3.0,13570.4
1469,573,47,2.0,26994.97
1470,573,20,5.0,4032.13
1471,573,54,2.0,39624.76
1472,573,18,4.0,36513.62
1473,574,53,4.0,7726.78
1474,574,67,3.0,43538.88
1475,574,4,4.0,4438.25
1476,574,19,1.0,6328.83
1477,575,11,3.0,37964.49
1478,576,52,2.0,37813.53
1479,576,56,1.0,19142.8
1480,576,51,1.0,25525.36
1481,577,74,1.0,5682.2
1482,577,81,5.0,33021.57
1483,578,54,4.0,39624.76
1484,578,88,5.0,21961.19
1485,578,39,3.0,40271.79
1486,579,2,3.0,12320.1
1487,579,68,5.0,42099.3
1488,579,19,4.0,6328.83
1489,580,83,2.0,43634.41
1490,580,70,5.0,18758.3
1491,580,80,4.0,38315.14
1492,580,90,3.0,11312.4
1493,581,100,2.0,39252.51
1494,581,39,1.0,40271.79
1495,581,5,5.0,1685.96
1496,581,43,4.0,10710.06
1497,582,67,5.0,43538.88
1498,582,37,2.0,42158.31
1499,583,66,5.0,25433.32
1500,584,67,3.0,43538.88
1501,584,97,2.0,33481.99
1502,584,3,1.0,36849.91
1503,585,31,3.0,35120.83
1504,585,93,4.0,458.82
1505,585,65,1.0,48597.22
1506,586,48,3.0,21478.85
1507,587,16,1.0,4926.15
1508,587,97,1.0,33481.99
1509,587,58,3.0,43052.91
1510,588,59,3.0,34046.14
1511,589,96,5.0,25756.39
1512,589,73,5.0,16275.39
1513,590,45,3.0,7229.29
1514,590,37,5.0,42158.31
1515,591,92,4.0,11582.73
1516,591,67,2.0,43538.88
1517,592,42,5.0,43830.74
1518,593,100,3.0,39252.51
1519,593,59,1.0,34046.14
1520,594,92,4.0,11582.73
1521,594,53,1.0,7726.78
1522,595,8,4.0,10022.0
1523,596,61,2.0,37568.8
1524,596,58,1.0,43052.91
1525,597,87,5.0,49757.95
1526,597,52,5.0,37813.53
1527,597,72,5.0,45932.83
1528,598,34,5.0,8253.78
1529,598,64,4.0,47695.41
1530,598,57,4.0,26502.81
1531,598,94,4.0,11524.2
1532,599,19,5.0,6328.83
1533,599,17,4.0,30225.93
1534,600,17,5.0,30225.93
1535,600,68,1.0,42099.3
1536,600,89,2.0,22629.16
1537,600,59,4.0,34046.14
1538,601,96,2.0,25756.39
1539,602,16,5.0,4926.15
1540,602,53,1.0,7726.78
1541,602,16,3.0,4926.15
1543,603,20,1.0,4032.13
1544,603,48,3.0,21478.85
1545,604,39,3.0,40271.79
1546,604,63,1.0,7992.07
1547,604,19,2.0,6328.83
1548,605,7,3.0,30140.73
1549,605,37,2.0,42158.31
1550,605,24,4.0,2386.64
1551,605,1,1.0,1348.04
1552,606,9,1.0,21034.04
1553,606,54,4.0,39624.76
1554,606,74,3.0,5682.2
1555,607,44,4.0,19842.03
1556,607,61,5.0,37568.8
1557,607,17,2.0,30225.93
1558,607,65,4.0,48597.22
1559,608,86,4.0,35676.15
1560,608,20,3.0,4032.13
1561,608,12,5.0,34937.16
1562,608,86,5.0,35676.15
1563,609,50,2.0,49866.56
1564,609,51,3.0,25525.36
1565,609,70,1.0,18758.3
1566,609,86,4.0,35676.15
1567,610,83,1.0,43634.41
1568,610,22,1.0,44284.04
1569,610,74,3.0,5682.2
1570,611,83,5.0,43634.41
1571,612,25,5.0,38676.11
1572,613,73,5.0,16275.39
1573,614,97,4.0,33481.99
1574,614,65,1.0,48597.22
1575,615,85,5.0,37787.73
1576,616,3,3.0,36849.91
1577,616,27,2.0,19068.3
1578,617,11,5.0,37964.49
1579,617,78,3.0,4374.11
1580,617,52,5.0,37813.53
1582,618,44,4.0,19842.03
1583,619,54,1.0,39624.76
1584,619,68,3.0,42099.3
1585,620,33,1.0,26753.58
1586,620,15,1.0,5200.29
1587,620,70,2.0,18758.3
1588,620,37,2.0,42158.31
1589,621,33,1.0,26753.58
1590,621,20,3.0,4032.13
1591,622,87,2.0,49757.95
1592,622,8,5.0,10022.0
1593,622,42,2.0,43830.74
1594,622,4,1.0,4438.25
1595,623,50,1.0,49866.56
1596,623,41,2.0,45665.49
1597,623,53,3.0,7726.78
1598,624,49,1.0,20030.09
1599,624,7,2.0,30140.73
1600,624,31,5.0,35120.83
1601,625,64,5.0,47695.41
1602,625,97,5.0,33481.99
1603,626,15,3.0,5200.29
1604,626,8,3.0,10022.0
1605,626,60,5.0,34117.35
1606,626,53,1.0,7726.78
1607,627,4,4.0,4438.25
1608,627,82,2.0,8339.84
1609,627,3,3.0,36849.91
1610,627,71,5.0,27015.01
1611,628,32,5.0,30495.64
1612,629,39,5.0,40271.79
1613,629,53,4.0,7726.78
1614,630,82,5.0,8339.84
1615,631,19,3.0,6328.83
1616,631,70,2.0,18758.3
1617,632,69,4.0,30487.61
1618,632,72,4.0,45932.83
1619,633,1,4.0,1348.04
1620,634,84,2.0,48221.71
1621,634,1,1.0,1348.04
1622,634,62,3.0,5666.45
1623,635,88,4.0,21961.19
1624,635,45,2.0,7229.29
1625,635,75,5.0,43948.22
1627,636,95,5.0,42995.81
1628,636,73,1.0,16275.39
1629,637,12,4.0,34937.16
1630,637,90,1.0,11312.4
1631,637,18,5.0,36513.62
1632,638,56,2.0,19142.8
1633,638,79,5.0,40819.56
1634,638,41,3.0,45665.49
1635,639,97,4.0,33481.99
1636,639,35,2.0,13570.4
1637,639,85,3.0,37787.73
1638,640,27,4.0,19068.3
1639,640,77,3.0,43912.68
1640,640,3,2.0,36849.91
1641,641,78,4.0,4374.11
1642,642,2,2.0,12320.1
1643,643,72,4.0,45932.83
1644,643,98,4.0,27007.77
1645,643,69,1.0,30487.61
1646,643,84,1.0,48221.71
1647,644,86,4.0,35676.15
1648,645,46,4.0,12406.71
1649,646,50,2.0,49866.56
1650,646,99,1.0,28852.96
1651,646,16,4.0,4926.15
1652,647,25,4.0,38676.11
1653,647,2,2.0,12320.1
1654,647,96,1.0,25756.39
1655,648,88,3.0,21961.19
1656,648,25,1.0,38676.11
1657,648,79,3.0,40819.56
1658,649,30,4.0,10554.4
1659,649,47,1.0,26994.97
1660,650,64,5.0,47695.41
1661,650,27,1.0,19068.3
1662,650,26,4.0,42780.35
1663,651,36,5.0,11058.8
1664,652,22,5.0,44284.04
1665,652,25,5.0,38676.11
1666,652,87,5.0,49757.95
1667,652,73,2.0,16275.39
1668,653,76,2.0,12048.67
1669,654,17,3.0,30225.93
1670,655,67,3.0,43538.88
1671,655,25,1.0,38676.11
1672,656,88,5.0,21961.19
1673,656,59,1.0,34046.14
1674,656,55,1.0,29860.81
1675,657,56,4.0,19142.8
1676,657,36,1.0,11058.8
1677,657,88,5.0,21961.19
1678,658,64,3.0,47695.41
1679,658,67,1.0,43538.88
1680,658,93,2.0,458.82
1681,658,7,3.0,30140.73
1682,659,69,4.0,30487.61
1683,659,41,1.0,45665.49
1684,659,51,2.0,25525.36
1685,659,43,1.0,10710.06
1686,660,95,2.0,42995.81
1687,661,10,2.0,29504.36
1688,661,26,2.0,42780.35
1689,661,43,3.0,10710.06
1690,661,9,1.0,21034.04
1691,662,62,4.0,5666.45
1692,663,76,3.0,12048.67
1693,664,32,1.0,30495.64
1694,664,61,2.0,37568.8
1695,664,44,1.0,19842.03
1696,665,67,2.0,43538.88
1697,665,10,5.0,29504.36
1698,665,80,4.0,38315.14
1699,666,81,4.0,33021.57
1700,667,11,1.0,37964.49
1701,668,49,3.0,20030.09
1702,669,17,1.0,30225.93
1703,670,8,3.0,10022.0
1704,670,79,4.0,40819.56
1705,670,9,1.0,21034.04
1706,670,87,1.0,49757.95
1707,671,38,4.0,11529.5
1708,672,13,5.0,13965.78
1709,672,97,4.0,33481.99
1710,672,30,5.0,10554.4
1711,672,85,5.0,37787.73
1712,673,59,4.0,34046.14
1713,674,55,5.0,29860.81
1714,674,80,1.0,38315.14
1715,674,44,1.0,19842.03
1716,674,59,5.0,34046.14
1717,675,76,2.0,12048.67
1718,675,14,1.0,47864.93
1719,675,2,5.0,12320.1
1720,676,76,2.0,12048.67
1721,677,82,5.0,8339.84
1722,677,33,3.0,26753.58
1723,678,62,5.0,5666.45
1724,678,57,2.0,26502.81
1725,678,32,2.0,30495.64
1727,679,40,5.0,13460.27
1728,679,56,5.0,19142.8
1729,680,40,5.0,13460.27
1730,680,70,2.0,18758.3
1731,680,19,4.0,6328.83
1732,681,78,3.0,4374.11
1733,681,38,3.0,11529.5
1734,681,2,5.0,12320.1
1735,682,8,2.0,10022.0
1736,682,65,5.0,48597.22
1737,683,55,3.0,29860.81
1738,684,26,2.0,42780.35
1739,684,9,3.0,21034.04
1740,685,86,4.0,35676.15
1741,685,89,4.0,22629.16
1742,686,75,5.0,43948.22
1743,686,43,5.0,10710.06
1744,686,39,4.0,40271.79
1745,687,21,1.0,41487.29
1746,687,59,1.0,34046.14
1747,687,64,2.0,47695.41
1748,688,82,2.0,8339.84
1749,689,60,5.0,34117.35
1750,689,28,2.0,31820.65
1751,690,95,3.0,42995.81
1752,690,95,4.0,42995.81
1753,690,27,4.0,19068.3
1754,690,24,1.0,2386.64
1755,691,2,1.0,12320.1
1756,691,46,1.0,12406.71
1757,691,72,1.0,45932.83
1758,692,38,4.0,11529.5
1759,692,25,5.0,38676.11
1761,693,26,2.0,42780.35
1762,693,37,2.0,42158.31
1763,694,34,2.0,8253.78
1764,694,44,5.0,19842.03
1765,695,23,2.0,28909.87
1766,695,3,2.0,36849.91
1767,696,13,1.0,13965.78
1768,696,87,2.0,49757.95
1769,696,49,1.0,20030.09
1770,697,27,3.0,19068.3
1771,697,59,2.0,34046.14
1772,697,48,3.0,21478.85
1773,698,68,5.0,42099.3
1774,698,56,1.0,19142.8
1775,699,19,2.0,6328.83
1776,700,25,5.0,38676.11
1777,700,49,3.0,20030.09
1778,701,77,4.0,43912.68
1779,701,82,2.0,8339.84
1781,702,69,3.0,30487.61
1782,702,20,3.0,4032.13
1783,703,7,3.0,30140.73
1784,703,17,5.0,30225.93
1785,704,27,1.0,19068.3
1786,704,61,5.0,37568.8
1787,704,9,2.0,21034.04
1788,704,66,4.0,25433.32
1789,705,64,5.0,47695.41
1790,705,60,2.0,34117.35
1791,705,42,3.0,43830.74
1792,706,92,4.0,11582.73
1793,706,61,3.0,37568.8
1794,706,75,4.0,43948.22
1795,706,82,5.0,8339.84
1796,707,27,2.0,19068.3
1797,708,58,2.0,43052.91
1798,708,51,2.0,25525.36
1799,709,55,4.0,29860.81
1800,709,74,2.0,5682.2
1801,709,48,3.0,21478.85
1802,710,18,1.0,36513.62
1803,711,57,5.0,26502.81
1804,711,46,2.0,12406.71
1805,711,75,1.0,43948.22
1806,712,66,5.0,25433.32
1807,712,44,4.0,19842.03
1808,712,58,4.0,43052.91
1809,712,56,4.0,19142.8
1810,713,64,3.0,47695.41
1811,713,35,4.0,13570.4
1812,713,4,2.0,4438.25
1813,714,30,3.0,10554.4
1814,714,83,1.0,43634.41
1815,714,46,1.0,12406.71
1816,714,38,5.0,11529.5
1817,715,36,2.0,11058.8
1818,716,16,1.0,4926.15
1819,717,5,5.0,1685.96
1820,717,26,3.0,42780.35
1821,717,26,3.0,42780.35
1822,718,39,3.0,40271.79
1823,718,25,5.0,38676.11
1824,718,18,5.0,36513.62
1825,719,2,3.0,12320.1
1826,719,37,3.0,42158.31
1827,719,52,4.0,37813.53
1828,720,61,5.0,37568.8
1829,721,51,2.0,25525.36
1830,721,30,2.0,10554.4
1831,722,30,5.0,10554.4
1832,722,76,5.0,12048.67
1833,722,97,4.0,33481.99
1834,722,93,4.0,458.82
1835,723,11,3.0,37964.49
1836,723,25,4.0,38676.11
1837,723,99,4.0,28852.96
1838,724,57,4.0,26502.81
1839,724,72,1.0,45932.83
1840,725,18,5.0,36513.62
1841,725,17,3.0,30225.93
1842,725,95,1.0,42995.81
1843,726,85,3.0,37787.73
1844,726,44,2.0,19842.03
1845,726,54,4.0,39624.76
1846,726,88,4.0,21961.19
1847,727,42,5.0,43830.74
1848,727,3,5.0,36849.91
1849,727,5,2.0,1685.96
1850,728,43,5.0,10710.06
1851,728,81,5.0,33021.57
1852,729,49,2.0,20030.09
1853,729,51,1.0,25525.36
1854,729,69,4.0,30487.61
1855,729,25,4.0,38676.11
1856,730,43,5.0,10710.06
1857,731,82,3.0,8339.84
1858,731,12,2.0,34937.16
1859,731,14,5.0,47864.93
1860,731,23,1.0,28909.87
1861,732,4,2.0,4438.25
1862,732,26,1.0,42780.35
1863,732,50,3.0,49866.56
1864,732,27,2.0,19068.3
1865,733,85,5.0,37787.73
1866,733,9,4.0,21034.04
1867,733,8,3.0,10022.0
1868,734,22,3.0,44284.04
1869,735,51,2.0,25525.36
1870,735,15,2.0,5200.29
1871,735,69,4.0,30487.61
1872,735,62,1.0,5666.45
1873,736,27,2.0,19068.3
1874,736,27,3.0,19068.3
1875,736,56,4.0,19142.8
1876,736,21,5.0,41487.29
1877,737,76,2.0,12048.67
1878,737,65,4.0,48597.22
1879,737,36,2.0,11058.8
1880,738,19,4.0,6328.83
1881,739,52,5.0,37813.53
1882,740,68,3.0,42099.3
1883,740,73,4.0,16275.39
1884,741,60,5.0,34117.35
1886,741,37,4.0,42158.31
1887,741,45,3.0,7229.29
1888,742,79,2.0,40819.56
1889,742,54,2.0,39624.76
1890,742,23,5.0,28909.87
1891,742,94,4.0,11524.2
1892,743,50,2.0,49866.56
1893,743,90,5.0,11312.4
1894,743,13,4.0,13965.78
1895,743,90,1.0,11312.4
1896,744,21,3.0,41487.29
1897,744,81,5.0,33021.57
1898,745,86,1.0,35676.15
1899,745,90,2.0,11312.4
1900,745,64,4.0,47695.41
1901,746,48,1.0,21478.85
1902,747,65,3.0,48597.22
1903,748,58,2.0,43052.91
1904,748,33,2.0,26753.58
1905,748,65,1.0,48597.22
1906,748,60,1.0,34117.35
1907,749,82,4.0,8339.84
1908,750,44,4.0,19842.03
1909,750,25,4.0,38676.11
1910,750,5,1.0,1685.96
1911,750,33,1.0,26753.58
1912,751,42,4.0,43830.74
1913,751,63,4.0,7992.07
1914,752,11,5.0,37964.49
1915,753,92,4.0,11582.73
1916,753,18,4.0,36513.62
1917,754,21,2.0,41487.29
1918,754,3,5.0,36849.91
1919,754,13,2.0,13965.78
1920,755,16,5.0,4926.15
1921,755,95,4.0,42995.81
1922,755,22,1.0,44284.04
1923,756,87,3.0,49757.95
1924,757,57,3.0,26502.81
1925,757,23,2.0,28909.87
1926,758,87,5.0,49757.95
1927,759,57,1.0,26502.81
1928,759,82,5.0,8339.84
1929,760,50,3.0,49866.56
1930,761,7,5.0,30140.73
1931,761,1,1.0,1348.04
1932,761,99,4.0,28852.96
1933,761,99,2.0,28852.96
1934,762,48,2.0,21478.85
1935,762,26,1.0,42780.35
1936,763,54,1.0,39624.76
1937,764,44,2.0,19842.03
1938,765,29,1.0,8216.44
1939,766,93,2.0,458.82
1941,767,42,3.0,43830.74
1942,768,80,2.0,38315.14
1943,768,70,4.0,18758.3
1944,769,16,2.0,4926.15
1945,769,28,1.0,31820.65
1946,769,46,3.0,12406.71
1947,769,23,1.0,28909.87
1948,770,84,3.0,48221.71
1949,770,2,4.0,12320.1
1950,770,28,4.0,31820.65
1951,770,29,1.0,8216.44
1952,771,84,5.0,48221.71
1953,771,48,1.0,21478.85
1954,771,9,2.0,21034.04
1955,772,39,5.0,40271.79
1956,772,64,1.0,47695.41
1957,772,92,5.0,11582.73
1958,772,73,2.0,16275.39
1959,773,13,5.0,13965.78
1960,773,42,4.0,43830.74
1961,773,87,2.0,49757.95
1962,774,23,3.0,28909.87
1963,774,86,4.0,35676.15
1964,774,9,3.0,21034.04
1965,775,78,5.0,4374.11
1966,776,49,5.0,20030.09
1967,776,82,2.0,8339.84
1968,776,65,5.0,48597.22
1969,776,91,1.0,1149.61
1970,777,3,5.0,36849.91
1971,777,98,1.0,27007.77
1972,778,31,4.0,35120.83
1973,778,97,2.0,33481.99
1974,778,80,1.0,38315.14
1975,779,18,3.0,36513.62
1976,780,38,2.0,11529.5
1977,780,20,4.0,4032.13
1978,780,27,1.0,19068.3
1979,780,31,5.0,35120.83
1980,781,95,3.0,42995.81
1981,781,18,3.0,36513.62
1982,781,41,1.0,45665.49
1983,781,67,4.0,43538.88
1984,782,97,1.0,33481.99
1985,782,30,3.0,10554.4
1986,782,44,2.0,19842.03
1987,783,70,1.0,18758.3
1988,783,86,2.0,35676.15
1989,784,78,4.0,4374.11
1990,784,67,3.0,43538.88
1991,785,57,1.0,26502.81
1992,785,9,4.0,21034.04
1993,786,25,1.0,38676.11
1994,787,27,2.0,19068.3
1995,787,12,2.0,34937.16
1996,788,31,5.0,35120.83
1997,788,11,4.0,37964.49
1998,789,40,2.0,13460.27
1999,789,93,2.0,458.82
2000,789,32,4.0,30495.64
2001,789,23,5.0,28909.87
2002,790,39,3.0,40271.79
2003,790,74,4.0,5682.2
2004,791,35,4.0,13570.4
2005,791,11,3.0,37964.49
2006,792,49,2.0,20030.09
2007,792,61,4.0,37568.8
2008,792,55,5.0,29860.81
2009,792,79,4.0,40819.56
2010,793,62,1.0,5666.45
2011,793,98,4.0,27007.77
2012,794,11,3.0,37964.49
2013,794,77,5.0,43912.68
2014,794,20,5.0,4032.13
2015,794,94,2.0,11524.2
2016,795,49,4.0,20030.09
2017,795,40,4.0,13460.27
2018,795,37,4.0,42158.31
2019,796,10,3.0,29504.36
2020,796,18,4.0,36513.62
2021,796,26,2.0,42780.35
2022,796,25,1.0,38676.11
2023,797,65,3.0,48597.22
2024,798,52,4.0,37813.53
2025,798,51,3.0,25525.36
2026,798,50,4.0,49866.56
2027,798,40,5.0,13460.27
2028,799,53,1.0,7726.78
2029,800,50,5.0,49866.56
2030,801,25,4.0,38676.11
2031,801,33,3.0,26753.58
2032,802,82,3.0,8339.84
2033,802,90,1.0,11312.4
2034,802,84,4.0,48221.71
2035,802,55,2.0,29860.81
2036,803,62,1.0,5666.45
2037,803,47,1.0,26994.97
2038,804,34,5.0,8253.78
2039,804,59,2.0,34046.14
2040,805,32,5.0,30495.64
2041,805,75,2.0,43948.22
2042,805,2,1.0,12320.1
2043,806,83,4.0,43634.41
2044,807,91,5.0,1149.61
2045,807,11,5.0,37964.49
2046,807,25,4.0,38676.11
2047,807,22,4.0,44284.04
2048,808,89,3.0,22629.16
2049,808,65,5.0,48597.22
2050,808,85,4.0,37787.73
2051,809,94,4.0,11524.2
2052,809,97,1.0,33481.99
2053,809,14,5.0,47864.93
2054,810,19,3.0,6328.83
2055,810,96,2.0,25756.39
2056,810,96,4.0,25756.39
2057,811,1,2.0,1348.04
2058,811,63,1.0,7992.07
2059,811,13,1.0,13965.78
2060,812,68,4.0,42099.3
2061,812,84,3.0,48221.71
2062,812,94,4.0,11524.2
2063,812,22,2.0,44284.04
2064,813,24,2.0,2386.64
2065,813,26,4.0,42780.35
2066,813,24,5.0,2386.64
2067,814,58,5.0,43052.91
2068,815,24,2.0,2386.64
2069,815,8,2.0,10022.0
2070,816,34,4.0,8253.78
2071,816,57,5.0,26502.81
2072,817,82,2.0,8339.84
2073,818,38,1.0,11529.5
2074,819,16,3.0,4926.15
2075,819,9,3.0,21034.04
2076,819,4,5.0,4438.25
2077,819,31,4.0,35120.83
2078,820,87,1.0,49757.95
2079,820,2,1.0,12320.1
2080,820,35,1.0,13570.4
2081,820,86,5.0,35676.15
2082,821,13,2.0,13965.78
2083,822,49,5.0,20030.09
2084,823,63,4.0,7992.07
2085,823,97,3.0,33481.99
2086,823,78,4.0,4374.11
2087,824,48,3.0,21478.85
2088,824,41,2.0,45665.49
2089,824,47,4.0,26994.97
2090,825,79,1.0,40819.56
2091,825,46,3.0,12406.71
2092,825,13,1.0,13965.78
2093,825,59,4.0,34046.14
2094,826,4,5.0,4438.25
2095,826,16,5.0,4926.15
2096,827,90,2.0,11312.4
2097,827,48,4.0,21478.85
2098,827,80,4.0,38315.14
2099,828,85,2.0,37787.73
2100,828,1,3.0,1348.04
2101,828,3,3.0,36849.91
2103,829,30,5.0,10554.4
2104,829,63,4.0,7992.07
2105,829,95,5.0,42995.81
2106,829,11,3.0,37964.49
2107,830,61,1.0,37568.8
2108,830,94,4.0,11524.2
2109,830,38,5.0,11529.5
2110,830,25,2.0,38676.11
2111,831,17,4.0,30225.93
2112,832,39,5.0,40271.79
2113,833,22,4.0,44284.04
2114,833,15,4.0,5200.29
2115,833,85,5.0,37787.73
2116,833,31,2.0,35120.83
2117,834,22,1.0,44284.04
2118,834,14,4.0,47864.93
2119,835,21,3.0,41487.29
2120,836,99,3.0,28852.96
2121,836,29,3.0,8216.44
2122,836,86,4.0,35676.15
2123,836,86,1.0,35676.15
2124,837,69,4.0,30487.61
2125,837,12,3.0,34937.16
2126,838,74,5.0,5682.2
2127,838,9,3.0,21034.04
2128,839,92,4.0,11582.73
2129,839,84,5.0,48221.71
2130,839,56,2.0,19142.8
2131,839,29,3.0,8216.44
2132,840,38,1.0,11529.5
2133,841,12,3.0,34937.16
2134,842,96,1.0,25756.39
2135,842,74,3.0,5682.2
2136,843,41,4.0,45665.49
2137,843,74,1.0,5682.2
2138,844,8,5.0,10022.0
2139,844,69,2.0,30487.61
2140,844,50,4.0,49866.56
2141,845,99,3.0,28852.96
2142,845,87,2.0,49757.95
2143,845,67,5.0,43538.88
2144,846,14,4.0,47864.93
2145,846,2,5.0,12320.1
2146,847,41,2.0,45665.49
2147,847,38,2.0,11529.5
2148,847,64,4.0,47695.41
2149,847,19,5.0,6328.83
2150,848,19,1.0,6328.83
2151,848,77,3.0,43912.68
2152,848,40,5.0,13460.27
2153,849,36,5.0,11058.8
2154,850,81,2.0,33021.57
2155,850,64,3.0,47695.41
2156,850,91,4.0,1149.61
2157,850,8,3.0,10022.0
2158,851,92,2.0,11582.73
2159,851,94,2.0,11524.2
2160,852,100,2.0,39252.51
2161,853,94,4.0,11524.2
2162,853,39,2.0,40271.79
2163,853,3,5.0,36849.91
2164,853,51,3.0,25525.36
2165,854,87,4.0,49757.95
2166,854,45,4.0,7229.29
2167,854,51,1.0,25525.36
2168,854,68,3.0,42099.3
2169,855,90,2.0,11312.4
2170,855,90,5.0,11312.4
2171,855,51,1.0,25525.36
2172,856,42,5.0,43830.74
2173,856,7,3.0,30140.73
2174,857,84,2.0,48221.71
2175,857,74,2.0,5682.2
2176,857,57,4.0,26502.81
2177,857,38,2.0,11529.5
2178,858,28,2.0,31820.65
2179,858,95,1.0,42995.81
2180,859,93,5.0,458.82
2181,859,14,2.0,47864.93
2182,859,49,4.0,20030.09
2183,860,8,1.0,10022.0
2184,860,46,4.0,12406.71
2185,861,7,1.0,30140.73
2186,861,66,3.0,25433.32
2187,862,20,4.0,4032.13
2188,862,32,1.0,30495.64
2189,862,16,2.0,4926.15
2190,862,51,4.0,25525.36
2191,863,89,5.0,22629.16
2192,863,23,4.0,28909.87
2193,863,100,1.0,39252.51
2194,864,84,4.0,48221.71
2195,864,36,4.0,11058.8
2196,864,48,1.0,21478.85
2197,864,16,1.0,4926.15
2198,865,16,4.0,4926.15
2199,866,3,5.0,36849.91
2200,866,74,5.0,5682.2
2201,867,36,1.0,11058.8
2202,867,76,2.0,12048.67
2203,867,50,4.0,49866.56
2204,867,83,4.0,43634.41
2205,868,74,2.0,5682.2
2206,868,13,3.0,13965.78
2207,868,9,5.0,21034.04
2208,869,52,1.0,37813.53
2209,869,51,5.0,25525.36
2210,870,9,5.0,21034.04
2211,870,75,5.0,43948.22
2212,870,92,1.0,11582.73
2213,870,97,2.0,33481.99
2214,871,24,5.0,2386.64
2215,872,1,5.0,1348.04
2216,872,58,3.0,43052.91
2218,874,84,2.0,48221.71
2219,874,12,5.0,34937.16
2220,875,97,1.0,33481.99
2221,875,11,1.0,37964.49
2222,875,65,3.0,48597.22
2223,876,70,2.0,18758.3
2224,876,55,1.0,29860.81
2225,876,32,3.0,30495.64
2226,877,67,3.0,43538.88
2227,878,18,5.0,36513.62
2228,878,63,3.0,7992.07
2229,878,67,3.0,43538.88
2230,878,78,5.0,4374.11
2231,879,89,1.0,22629.16
2232,879,85,1.0,37787.73
2233,880,5,2.0,1685.96
2234,880,19,3.0,6328.83
2235,881,18,5.0,36513.62
2236,881,71,2.0,27015.01
2237,882,36,2.0,11058.8
2238,882,94,5.0,11524.2
2239,882,55,1.0,29860.81
2240,883,34,4.0,8253.78
2241,883,84,2.0,48221.71
2242,883,52,4.0,37813.53
2243,884,33,4.0,26753.58
2244,885,69,2.0,30487.61
2245,885,10,3.0,29504.36
2246,886,92,3.0,11582.73
2247,886,73,5.0,16275.39
2248,887,54,2.0,39624.76
2249,887,41,4.0,45665.49
2250,888,4,5.0,4438.25
2251,888,32,1.0,30495.64
2252,888,35,1.0,13570.4
2253,888,69,1.0,30487.61
2254,889,9,3.0,21034.04
2255,889,82,1.0,8339.84
2256,889,47,3.0,26994.97
2257,889,100,3.0,39252.51
2258,890,29,3.0,8216.44
2259,890,2,1.0,12320.1
2260,891,29,4.0,8216.44
2261,891,14,1.0,47864.93
2262,891,23,5.0,28909.87
2263,891,94,3.0,11524.2
2264,892,13,5.0,13965.78
2265,892,45,5.0,7229.29
2266,892,37,5.0,42158.31
2267,892,35,5.0,13570.4
2268,893,7,2.0,30140.73
2269,894,97,4.0,33481.99
2270,894,24,3.0,2386.64
2271,894,95,5.0,42995.81
2272,895,62,5.0,5666.45
2273,895,17,3.0,30225.93
2274,895,2,5.0,12320.1
2275,895,92,2.0,11582.73
2276,896,19,4.0,6328.83
2277,896,73,3.0,16275.39
2278,897,93,3.0,458.82
2279,898,87,5.0,49757.95
2280,898,54,4.0,39624.76
2281,899,57,3.0,26502.81
2282,899,60,5.0,34117.35
2283,900,36,4.0,11058.8
2284,900,67,2.0,43538.88
2285,900,40,1.0,13460.27
2286,901,53,3.0,7726.78
2287,901,12,1.0,34937.16
2288,901,10,2.0,29504.36
2289,902,22,5.0,44284.04
2290,903,11,3.0,37964.49
2291,904,2,4.0,12320.1
2292,904,87,5.0,49757.95
2293,904,94,2.0,11524.2
2294,904,62,4.0,5666.45
2295,905,52,1.0,37813.53
2296,906,96,1.0,25756.39
2297,906,92,4.0,11582.73
2298,907,32,5.0,30495.64
2299,907,88,5.0,21961.19
2301,908,22,5.0,44284.04
2302,908,29,2.0,8216.44
2303,908,10,3.0,29504.36
2304,908,18,5.0,36513.62
2305,909,7,4.0,30140.73
2306,909,64,4.0,47695.41
2307,909,22,3.0,44284.04
2308,910,44,2.0,19842.03
2309,911,38,3.0,11529.5
2310,912,38,3.0,11529.5
2311,912,28,1.0,31820.65
2312,912,95,5.0,42995.81
2313,912,51,2.0,25525.36
2314,913,83,5.0,43634.41
2315,913,5,4.0,1685.96
2316,913,80,4.0,38315.14
2317,914,46,1.0,12406.71
2318,915,43,3.0,10710.06
2319,915,46,1.0,12406.71
2320,915,1,3.0,1348.04
2321,915,93,2.0,458.82
2322,916,46,1.0,12406.71
2323,916,13,4.0,13965.78
2324,916,63,2.0,7992.07
2325,916,11,5.0,37964.49
2326,917,53,1.0,7726.78
2327,917,63,1.0,7992.07
2328,918,99,3.0,28852.96
2329,918,29,4.0,8216.44
2330,919,48,3.0,21478.85
2331,919,47,4.0,26994.97
2332,919,24,5.0,2386.64
2333,919,35,1.0,13570.4
2334,920,85,4.0,37787.73
2335,920,21,2.0,41487.29
2336,920,46,4.0,12406.71
2337,920,1,3.0,1348.04
2338,921,15,2.0,5200.29
2339,921,37,1.0,42158.31
2340,922,51,4.0,25525.36
2341,922,96,3.0,25756.39
2342,923,21,2.0,41487.29
2343,924,86,3.0,35676.15
2344,924,16,4.0,4926.15
2345,924,63,5.0,7992.07
2346,924,64,2.0,47695.41
2347,925,97,4.0,33481.99
2348,925,65,4.0,48597.22
2349,925,17,1.0,30225.93
2350,926,3,2.0,36849.91
2351,927,45,5.0,7229.29
2352,927,2,2.0,12320.1
2353,928,87,3.0,49757.95
2354,929,77,1.0,43912.68
2355,929,56,4.0,19142.8
2356,929,38,3.0,11529.5
2357,929,63,1.0,7992.07
2358,930,32,5.0,30495.64
2359,930,20,5.0,4032.13
2360,930,24,2.0,2386.64
2361,930,36,1.0,11058.8
2362,931,90,2.0,11312.4
2363,931,86,4.0,35676.15
2364,931,26,4.0,42780.35
2365,932,90,5.0,11312.4
2366,933,25,5.0,38676.11
2367,933,81,2.0,33021.57
2368,934,16,2.0,4926.15
2369,934,52,1.0,37813.53
2370,935,25,2.0,38676.11
2371,935,55,1.0,29860.81
2372,935,79,2.0,40819.56
2373,936,7,4.0,30140.73
2374,937,68,3.0,42099.3
2375,937,90,2.0,11312.4
2376,937,29,3.0,8216.44
2377,937,55,4.0,29860.81
2378,938,66,4.0,25433.32
2379,939,39,1.0,40271.79
2380,940,47,3.0,26994.97
2381,940,45,4.0,7229.29
2382,940,32,3.0,30495.64
2383,941,24,1.0,2386.64
2384,942,7,3.0,30140.73
2385,943,37,4.0,42158.31
2386,943,36,5.0,11058.8
2387,944,56,2.0,19142.8
2388,945,63,3.0,7992.07
2389,945,43,3.0,10710.06
2390,945,15,1.0,5200.29
2391,946,88,5.0,21961.19
2392,947,43,3.0,10710.06
2393,947,95,3.0,42995.81
2394,948,31,3.0,35120.83
2395,948,27,5.0,19068.3
2396,948,50,1.0,49866.56
2397,949,17,5.0,30225.93
2399,951,25,4.0,38676.11
2400,951,13,1.0,13965.78
2401,952,39,4.0,40271.79
2402,952,98,2.0,27007.77
2403,952,69,2.0,30487.61
2404,953,17,2.0,30225.93
2405,954,71,3.0,27015.01
2406,954,98,5.0,27007.77
2407,954,45,3.0,7229.29
2408,954,58,1.0,43052.91
2409,955,9,4.0,21034.04
2410,955,54,5.0,39624.76
2411,955,65,1.0,48597.22
2412,955,22,5.0,44284.04
2413,956,90,2.0,11312.4
2414,956,38,1.0,11529.5
2415,956,73,1.0,16275.39
2416,957,95,4.0,42995.81
2417,957,64,5.0,47695.41
2418,958,22,4.0,44284.04
2419,959,72,4.0,45932.83
2420,959,52,5.0,37813.53
2421,959,35,2.0,13570.4
2422,959,24,1.0,2386.64
2423,960,74,2.0,5682.2
2424,960,76,1.0,12048.67
2425,961,65,5.0,48597.22
2426,961,34,3.0,8253.78
2427,961,29,3.0,8216.44
2428,961,91,3.0,1149.61
2429,962,22,2.0,44284.04
2430,963,69,2.0,30487.61
2432,964,36,2.0,11058.8
2433,964,35,1.0,13570.4
2434,965,27,5.0,19068.3
2435,965,15,1.0,5200.29
2436,966,81,5.0,33021.57
2437,966,48,3.0,21478.85
2438,966,11,5.0,37964.49
2439,967,93,2.0,458.82
2440,967,53,5.0,7726.78
2441,967,38,3.0,11529.5
2442,968,81,1.0,33021.57
2443,969,29,3.0,8216.44
2444,969,23,3.0,28909.87
2445,969,3,5.0,36849.91
2446,970,93,4.0,458.82
2447,971,81,5.0,33021.57
2448,971,71,2.0,27015.01
2449,971,57,2.0,26502.81
2450,972,35,2.0,13570.4
2451,972,75,4.0,43948.22
2452,972,20,4.0,4032.13
2453,973,94,4.0,11524.2
2454,973,48,2.0,21478.85
2455,974,12,4.0,34937.16
2456,974,24,4.0,2386.64
2457,974,24,2.0,2386.64
2458,974,25,5.0,38676.11
2459,975,94,2.0,11524.2
2460,975,83,3.0,43634.41
2461,975,3,3.0,36849.91
2462,975,21,2.0,41487.29
2463,976,88,5.0,21961.19
2464,976,25,1.0,38676.11
2465,976,19,1.0,6328.83
2466,976,55,2.0,29860.81
2467,977,83,4.0,43634.41
2468,977,13,5.0,13965.78
2469,977,18,1.0,36513.62
2470,977,78,1.0,4374.11
2471,978,50,1.0,49866.56
2472,978,15,1.0,5200.29
2473,978,98,1.0,27007.77
2474,978,17,2.0,30225.93
2475,979,35,2.0,13570.4
2476,980,2,1.0,12320.1
2477,981,91,1.0,1149.61
2478,981,26,2.0,42780.35
2479,981,62,5.0,5666.45
2480,982,21,3.0,41487.29
2481,982,43,4.0,10710.06
2482,982,20,2.0,4032.13
2483,982,8,5.0,10022.0
2484,983,81,5.0,33021.57
2485,983,16,1.0,4926.15
2487,984,14,5.0,47864.93
2488,984,54,2.0,39624.76
2489,984,1,2.0,1348.04
2490,985,30,4.0,10554.4
2491,986,19,3.0,6328.83
2492,986,84,3.0,48221.71
2493,986,29,4.0,8216.44
2494,986,88,1.0,21961.19
2495,987,22,1.0,44284.04
2496,987,29,1.0,8216.44
2497,987,37,3.0,42158.31
2498,987,10,5.0,29504.36
2499,988,16,3.0,4926.15
2500,988,11,1.0,37964.49
2501,988,78,2.0,4374.11
2502,989,55,5.0,29860.81
2503,989,43,5.0,10710.06
2504,990,87,4.0,49757.95
2505,990,20,3.0,4032.13
2506,991,45,1.0,7229.29
2507,991,35,4.0,13570.4
2508,991,85,3.0,37787.73
2509,992,92,1.0,11582.73
2510,992,1,2.0,1348.04
2511,992,100,2.0,39252.51
2512,993,19,4.0,6328.83
2513,993,58,4.0,43052.91
2514,993,9,1.0,21034.04
2515,994,94,3.0,11524.2
2516,994,19,1.0,6328.83
2517,994,42,2.0,43830.74
2518,994,24,4.0,2386.64
2519,995,41,4.0,45665.49
2520,995,55,4.0,29860.81
2521,995,89,4.0,22629.16
2522,996,18,2.0,36513.62
2523,996,50,4.0,49866.56
2524,996,71,4.0,27015.01
2525,997,69,5.0,30487.61
2526,997,30,4.0,10554.4
2527,997,11,5.0,37964.49
2528,997,92,4.0,11582.73
2529,998,90,1.0,11312.4
2530,998,31,3.0,35120.83
2531,999,27,1.0,19068.3
2532,1000,72,4.0,45932.83
2533,1000,18,1.0,36513.62
2534,1000,8,3.0,10022.0
2535,1001,100,2.0,39252.51
2536,1001,38,4.0,11529.5
2537,1001,19,5.0,6328.83
2538,1002,32,2.0,30495.64
2539,1002,29,1.0,8216.44
2540,1002,96,2.0,25756.39
2541,1002,16,2.0,4926.15
2542,1003,94,1.0,11524.2
2543,1003,90,4.0,11312.4
2544,1003,48,1.0,21478.85
2545,1003,90,1.0,11312.4
2546,1004,62,5.0,5666.45
2547,1005,4,2.0,4438.25
2548,1005,47,2.0,26994.97
2549,1006,32,1.0,30495.64
2550,1007,73,4.0,16275.39
2551,1008,98,2.0,27007.77
2552,1008,61,2.0,37568.8
2553,1009,61,4.0,37568.8
2554,1009,93,3.0,458.82
2555,1009,57,1.0,26502.81
2556,1010,15,2.0,5200.29
2557,1010,8,1.0,10022.0
2558,1010,78,2.0,4374.11
2559,1011,2,4.0,12320.1
2560,1011,55,4.0,29860.81
2561,1012,74,5.0,5682.2
2562,1012,40,2.0,13460.27
2563,1012,55,2.0,29860.81
2564,1013,12,5.0,34937.16
2565,1013,49,2.0,20030.09
2566,1013,96,2.0,25756.39
2567,1014,80,1.0,38315.14
2568,1014,29,4.0,8216.44
2569,1014,24,5.0,2386.64
2570,1014,78,1.0,4374.11
2571,1015,62,3.0,5666.45
2572,1015,84,4.0,48221.71
2573,1015,49,2.0,20030.09
2574,1015,7,3.0,30140.73
2575,1016,25,3.0,38676.11
2576,1016,14,1.0,47864.93
2577,1016,10,3.0,29504.36
2578,1016,78,3.0,4374.11
2579,1017,31,3.0,35120.83
2580,1018,70,1.0,18758.3
2581,1018,9,2.0,21034.04
2582,1019,97,3.0,33481.99
2583,1020,71,2.0,27015.01
2584,1020,82,1.0,8339.84
2585,1021,35,1.0,13570.4
2586,1021,73,5.0,16275.39
2587,1022,73,4.0,16275.39
2588,1023,7,3.0,30140.73
2589,1024,40,1.0,13460.27
2590,1025,97,3.0,33481.99
2591,1025,51,5.0,25525.36
2592,1025,25,3.0,38676.11
2593,1026,93,3.0,458.82
2594,1026,17,1.0,30225.93
2595,1026,43,4.0,10710.06
2596,1026,95,5.0,42995.81
2597,1027,65,2.0,48597.22
2598,1028,76,4.0,12048.67
2599,1029,76,1.0,12048.67
2600,1029,38,2.0,11529.5
2601,1029,20,4.0,4032.13
2602,1029,11,1.0,37964.49
2603,1030,28,2.0,31820.65
2604,1030,99,2.0,28852.96
2605,1031,58,2.0,43052.91
2606,1031,44,3.0,19842.03
2607,1031,47,5.0,26994.97
2609,1032,31,2.0,35120.83
2610,1032,79,5.0,40819.56
2611,1032,10,2.0,29504.36
2612,1033,13,1.0,13965.78
2613,1033,19,3.0,6328.83
2614,1033,71,1.0,27015.01
2615,1033,64,1.0,47695.41
2616,1034,41,2.0,45665.49
2617,1034,38,2.0,11529.5
2618,1034,9,3.0,21034.04
2619,1034,74,3.0,5682.2
2620,1035,12,1.0,34937.16
2621,1035,23,4.0,28909.87
2622,1035,34,4.0,8253.78
2623,1036,98,4.0,27007.77
2624,1036,84,2.0,48221.71
2625,1036,16,5.0,4926.15
2627,1037,37,4.0,42158.31
2628,1037,53,5.0,7726.78
2629,1037,88,2.0,21961.19
2630,1038,47,5.0,26994.97
2631,1038,80,3.0,38315.14
2632,1038,48,1.0,21478.85
2633,1038,88,4.0,21961.19
2634,1039,34,1.0,8253.78
2635,1039,80,1.0,38315.14
2636,1039,95,2.0,42995.81
2637,1039,90,5.0,11312.4
2638,1040,20,1.0,4032.13
2639,1041,49,2.0,20030.09
2640,1041,73,4.0,16275.39
2641,1041,10,2.0,29504.36
2642,1042,60,1.0,34117.35
2643,1042,45,4.0,7229.29
2644,1042,60,5.0,34117.35
2645,1042,60,1.0,34117.35
2646,1043,24,1.0,2386.64
2647,1044,99,4.0,28852.96
2648,1044,26,4.0,42780.35
2649,1044,43,1.0,10710.06
2650,1044,41,3.0,45665.49
2651,1045,28,4.0,31820.65
2652,1045,15,3.0,5200.29
2653,1045,59,1.0,34046.14
2654,1045,70,2.0,18758.3
2655,1046,19,2.0,6328.83
2656,1046,41,5.0,45665.49
2657,1046,5,5.0,1685.96
2658,1046,100,4.0,39252.51
2659,1047,47,4.0,26994.97
2660,1048,28,1.0,31820.65
2661,1048,28,1.0,31820.65
2662,1048,98,4.0,27007.77
2663,1048,35,3.0,13570.4
2664,1049,11,2.0,37964.49
2665,1049,9,3.0,21034.04
2666,1050,11,3.0,37964.49
2667,1050,92,4.0,11582.73
2668,1050,54,5.0,39624.76
2669,1050,28,3.0,31820.65
2670,1051,7,1.0,30140.73
2671,1051,55,3.0,29860.81
2672,1052,22,2.0,44284.04
2673,1052,45,4.0,7229.29
2674,1052,62,4.0,5666.45
2675,1053,90,4.0,11312.4
2676,1053,46,5.0,12406.71
2677,1054,2,5.0,12320.1
2678,1054,77,2.0,43912.68
2679,1054,10,5.0,29504.36
2680,1054,79,2.0,40819.56
2681,1055,86,3.0,35676.15
2682,1055,2,2.0,12320.1
2683,1055,59,2.0,34046.14
2684,1056,41,1.0,45665.49
2685,1056,87,4.0,49757.95
2686,1056,34,5.0,8253.78
2687,1056,93,1.0,458.82
2688,1057,17,4.0,30225.93
2689,1057,82,5.0,8339.84
2690,1057,13,1.0,13965.78
2691,1057,28,2.0,31820.65
2692,1058,90,5.0,11312.4
2693,1058,100,2.0,39252.51
2694,1058,77,4.0,43912.68
2695,1058,28,3.0,31820.65
2696,1059,25,5.0,38676.11
2697,1059,2,3.0,12320.1
2698,1060,3,3.0,36849.91
2699,1060,40,5.0,13460.27
2700,1060,16,4.0,4926.15
2701,1061,53,4.0,7726.78
2702,1061,46,3.0,12406.71
2703,1061,70,4.0,18758.3
2704,1061,67,3.0,43538.88
2705,1062,23,4.0,28909.87
2706,1063,48,2.0,21478.85
2707,1063,71,5.0,27015.01
2708,1063,21,5.0,41487.29
2709,1063,56,4.0,19142.8
2710,1064,85,4.0,37787.73
2711,1064,82,3.0,8339.84
2712,1064,90,5.0,11312.4
2713,1065,12,1.0,34937.16
2714,1066,84,1.0,48221.71
2715,1067,14,4.0,47864.93
2716,1067,96,5.0,25756.39
2717,1067,70,1.0,18758.3
2718,1067,82,4.0,8339.84
2719,1068,86,3.0,35676.15
2720,1069,28,2.0,31820.65
2721,1069,100,4.0,39252.51
2722,1069,71,4.0,27015.01
2723,1069,15,2.0,5200.29
2724,1070,16,3.0,4926.15
2725,1070,60,4.0,34117.35
2726,1070,83,4.0,43634.41
2727,1070,1,3.0,1348.04
2728,1071,65,3.0,48597.22
2729,1071,35,3.0,13570.4
2730,1072,54,2.0,39624.76
2731,1072,1,4.0,1348.04
2732,1072,5,1.0,1685.96
2733,1073,20,3.0,4032.13
2734,1074,43,2.0,10710.06
2735,1074,74,4.0,5682.2
2736,1074,31,5.0,35120.83
2737,1075,25,5.0,38676.11
2738,1075,83,4.0,43634.41
2739,1075,7,5.0,30140.73
2740,1075,55,2.0,29860.81
2741,1076,94,2.0,11524.2
2742,1076,52,3.0,37813.53
2743,1076,67,2.0,43538.88
2744,1076,56,2.0,19142.8
2745,1077,91,2.0,1149.61
2746,1078,81,5.0,33021.57
2747,1079,98,3.0,27007.77
2748,1079,71,2.0,27015.01
2749,1079,42,2.0,43830.74
2750,1079,12,1.0,34937.16
2751,1080,56,1.0,19142.8
2752,1081,4,5.0,4438.25
2753,1081,91,5.0,1149.61
2754,1082,74,4.0,5682.2
2755,1083,96,2.0,25756.39
2756,1084,82,3.0,8339.84
2757,1084,24,2.0,2386.64
2758,1084,84,2.0,48221.71
2759,1084,39,2.0,40271.79
2760,1085,93,4.0,458.82
2761,1085,99,3.0,28852.96
2762,1086,36,1.0,11058.8
2763,1087,81,1.0,33021.57
2764,1087,82,5.0,8339.84
2765,1088,15,4.0,5200.29
2766,1089,14,2.0,47864.93
2767,1090,34,2.0,8253.78
2768,1090,12,1.0,34937.16
2769,1090,64,3.0,47695.41
2770,1091,51,1.0,25525.36
2771,1091,63,1.0,7992.07
2772,1092,10,4.0,29504.36
2773,1092,81,1.0,33021.57
2774,1092,27,4.0,19068.3
2775,1092,49,3.0,20030.09
2776,1093,21,2.0,41487.29
2777,1093,39,1.0,40271.79
2778,1093,23,5.0,28909.87
2779,1093,81,5.0,33021.57
2780,1094,16,3.0,4926.15
2781,1095,62,5.0,5666.45
2782,1095,77,5.0,43912.68
2783,1095,1,2.0,1348.04
2784,1096,16,2.0,4926.15
2785,1096,78,1.0,4374.11
2786,1096,69,1.0,30487.61
2787,1097,28,3.0,31820.65
2788,1097,15,2.0,5200.29
2789,1098,42,2.0,43830.74
2790,1099,11,2.0,37964.49
2791,1099,35,3.0,13570.4
2792,1100,26,1.0,42780.35
2793,1100,45,5.0,7229.29
2794,1100,84,3.0,48221.71
2795,1100,60,4.0,34117.35
2796,1101,66,4.0,25433.32
2797,1101,25,3.0,38676.11
2798,1101,23,2.0,28909.87
2799,1101,88,3.0,21961.19
2800,1102,14,5.0,47864.93
2801,1102,99,5.0,28852.96
2802,1102,40,2.0,13460.27
2803,1102,27,4.0,19068.3
2804,1103,58,4.0,43052.91
2805,1103,77,3.0,43912.68
2806,1103,41,5.0,45665.49
2807,1103,14,5.0,47864.93
2808,1104,55,2.0,29860.81
2809,1104,73,3.0,16275.39
2810,1104,48,1.0,21478.85
2811,1104,58,2.0,43052.91
2812,1105,66,3.0,25433.32
2813,1106,38,5.0,11529.5
2814,1106,83,5.0,43634.41
2815,1106,46,4.0,12406.71
2816,1106,4,1.0,4438.25
2817,1107,42,4.0,43830.74
2818,1107,24,3.0,2386.64
2819,1108,10,2.0,29504.36
2820,1108,85,3.0,37787.73
2821,1109,19,3.0,6328.83
2822,1109,16,1.0,4926.15
2823,1109,41,1.0,45665.49
2824,1110,28,4.0,31820.65
2825,1110,73,3.0,16275.39
2826,1110,30,5.0,10554.4
2827,1111,50,3.0,49866.56
2828,1112,68,2.0,42099.3
2829,1112,14,5.0,47864.93
2830,1113,92,5.0,11582.73
2831,1113,86,1.0,35676.15
2832,1113,74,4.0,5682.2
2833,1114,41,3.0,45665.49
2834,1114,26,2.0,42780.35
2835,1114,7,4.0,30140.73
2836,1114,64,1.0,47695.41
2837,1115,54,1.0,39624.76
2838,1115,16,4.0,4926.15
2839,1115,22,5.0,44284.04
2840,1116,76,4.0,12048.67
2841,1116,31,5.0,35120.83
2842,1116,3,3.0,36849.91
2843,1117,83,5.0,43634.41
2844,1118,60,3.0,34117.35
2845,1119,52,1.0,37813.53
2846,1119,69,5.0,30487.61
2847,1120,44,1.0,19842.03
2848,1121,61,1.0,37568.8
2849,1122,93,3.0,458.82
2850,1122,36,3.0,11058.8
2851,1122,97,3.0,33481.99
2852,1122,52,1.0,37813.53
2853,1123,64,5.0,47695.41
2854,1123,7,4.0,30140.73
2855,1123,39,4.0,40271.79
2856,1124,83,1.0,43634.41
2857,1124,48,5.0,21478.85
2858,1124,14,1.0,47864.93
2859,1124,29,1.0,8216.44
2860,1125,18,1.0,36513.62
2861,1126,89,4.0,22629.16
2862,1126,29,2.0,8216.44
2863,1126,12,2.0,34937.16
2864,1127,69,1.0,30487.61
2865,1127,89,1.0,22629.16
2866,1127,34,1.0,8253.78
2867,1128,7,3.0,30140.73
2868,1129,34,3.0,8253.78
2869,1130,35,2.0,13570.4
2870,1130,18,5.0,36513.62
2871,1130,59,1.0,34046.14
2872,1130,17,3.0,30225.93
2873,1131,97,5.0,33481.99
2874,1131,53,4.0,7726.78
2875,1132,67,5.0,43538.88
2876,1133,74,4.0,5682.2
2877,1133,85,4.0,37787.73
2878,1134,42,4.0,43830.74
2879,1134,29,1.0,8216.44
2880,1134,34,3.0,8253.78
2881,1135,46,5.0,12406.71
2882,1136,85,2.0,37787.73
2883,1136,89,1.0,22629.16
2884,1137,64,1.0,47695.41
2885,1138,2,2.0,12320.1
2886,1138,60,4.0,34117.35
2887,1139,63,1.0,7992.07
2888,1139,44,2.0,19842.03
2889,1140,98,3.0,27007.77
2890,1140,91,4.0,1149.61
2891,1140,84,2.0,48221.71
2892,1141,17,2.0,30225.93
2893,1142,50,4.0,49866.56
2894,1142,80,5.0,38315.14
2895,1142,26,4.0,42780.35
2896,1143,9,3.0,21034.04
2897,1143,55,2.0,29860.81
2898,1144,74,1.0,5682.2
2899,1144,19,4.0,6328.83
2900,1144,14,1.0,47864.93
2901,1145,3,4.0,36849.91
2902,1145,24,3.0,2386.64
2903,1146,61,5.0,37568.8
2904,1147,46,3.0,12406.71
2905,1147,16,5.0,4926.15
2906,1147,11,3.0,37964.49
2907,1147,56,2.0,19142.8
2908,1148,51,5.0,25525.36
2909,1148,56,5.0,19142.8
2910,1149,7,4.0,30140.73
2911,1149,35,3.0,13570.4
2912,1149,13,1.0,13965.78
2913,1150,94,4.0,11524.2
2914,1150,25,3.0,38676.11
2915,1150,25,4.0,38676.11
2916,1150,23,5.0,28909.87
2917,1151,68,5.0,42099.3
2918,1151,64,5.0,47695.41
2919,1151,56,1.0,19142.8
2920,1152,83,2.0,43634.41
2921,1153,29,1.0,8216.44
2922,1154,5,5.0,1685.96
2923,1155,31,1.0,35120.83
2924,1155,69,1.0,30487.61
2925,1155,36,2.0,11058.8
2926,1156,51,4.0,25525.36
2927,1156,13,2.0,13965.78
2928,1156,94,3.0,11524.2
2929,1156,64,2.0,47695.41
2930,1157,27,3.0,19068.3
2931,1157,82,3.0,8339.84
2932,1158,94,1.0,11524.2
2933,1158,13,2.0,13965.78
2934,1158,65,5.0,48597.22
2935,1159,95,3.0,42995.81
2936,1159,89,2.0,22629.16
2937,1159,22,3.0,44284.04
2938,1159,88,1.0,21961.19
2939,1160,24,3.0,2386.64
2940,1160,59,2.0,34046.14
2941,1161,86,4.0,35676.15
2942,1162,43,1.0,10710.06
2943,1162,23,3.0,28909.87
2944,1162,10,2.0,29504.36
2945,1162,87,1.0,49757.95
2946,1163,61,5.0,37568.8
2947,1163,1,4.0,1348.04
2948,1163,32,4.0,30495.64
2950,1165,30,5.0,10554.4
2951,1165,65,2.0,48597.22
2952,1165,97,2.0,33481.99
2953,1166,13,3.0,13965.78
2954,1167,58,4.0,43052.91
2955,1167,95,3.0,42995.81
2956,1167,70,3.0,18758.3
2957,1168,33,3.0,26753.58
2958,1168,59,1.0,34046.14
2959,1168,46,3.0,12406.71
2960,1168,91,3.0,1149.61
2961,1169,15,3.0,5200.29
2962,1169,88,5.0,21961.19
2963,1169,94,1.0,11524.2
2964,1169,19,4.0,6328.83
2965,1170,85,2.0,37787.73
2966,1170,46,4.0,12406.71
2967,1171,32,5.0,30495.64
2968,1172,47,2.0,26994.97
2969,1172,96,1.0,25756.39
2970,1172,25,4.0,38676.11
2971,1172,82,1.0,8339.84
2972,1173,81,5.0,33021.57
2973,1173,58,5.0,43052.91
2974,1173,23,3.0,28909.87
2975,1174,43,4.0,10710.06
2976,1174,76,4.0,12048.67
2977,1174,36,3.0,11058.8
2979,1175,67,3.0,43538.88
2980,1176,56,4.0,19142.8
2981,1177,37,1.0,42158.31
2982,1177,2,4.0,12320.1
2983,1177,88,2.0,21961.19
2984,1178,88,2.0,21961.19
2985,1178,67,3.0,43538.88
2986,1178,80,5.0,38315.14
2987,1178,86,2.0,35676.15
2988,1179,63,3.0,7992.07
2989,1179,9,3.0,21034.04
2990,1179,2,4.0,12320.1
2991,1180,28,3.0,31820.65
2992,1181,7,4.0,30140.73
2993,1182,1,4.0,1348.04
2994,1182,46,1.0,12406.71
2995,1182,7,3.0,30140.73
2996,1183,45,3.0,7229.29
2997,1183,65,5.0,48597.22
2998,1184,12,3.0,34937.16
2999,1184,19,2.0,6328.83
3000,1185,75,1.0,43948.22
3001,1185,38,2.0,11529.5
3002,1185,5,4.0,1685.96
3003,1185,46,2.0,12406.71
3004,1186,55,4.0,29860.81
3005,1186,13,3.0,13965.78
3006,1186,39,5.0,40271.79
3007,1186,40,2.0,13460.27
3008,1187,87,3.0,49757.95
3009,1187,75,2.0,43948.22
3010,1187,88,2.0,21961.19
3011,1187,33,2.0,26753.58
3012,1188,71,2.0,27015.01
3013,1188,39,3.0,40271.79
3014,1188,11,3.0,37964.49
3015,1188,73,4.0,16275.39
3016,1189,49,4.0,20030.09
3017,1189,13,2.0,13965.78
3018,1190,89,3.0,22629.16
3019,1190,65,3.0,48597.22
3020,1190,60,3.0,34117.35
3021,1190,55,4.0,29860.81
3022,1191,53,4.0,7726.78
3023,1191,4,5.0,4438.25
3024,1191,4,4.0,4438.25
3025,1191,12,2.0,34937.16
3026,1192,32,5.0,30495.64
3027,1192,66,3.0,25433.32
3028,1192,17,5.0,30225.93
3029,1193,7,4.0,30140.73
3030,1193,17,4.0,30225.93
3031,1193,86,1.0,35676.15
3032,1194,98,5.0,27007.77
3033,1194,59,1.0,34046.14
3034,1194,11,1.0,37964.49
3035,1194,35,1.0,13570.4
3036,1195,77,1.0,43912.68
3037,1195,38,5.0,11529.5
3038,1195,62,3.0,5666.45
3039,1196,16,5.0,4926.15
3040,1197,90,2.0,11312.4
3041,1198,72,4.0,45932.83
3042,1198,18,2.0,36513.62
3043,1199,39,3.0,40271.79
3044,1199,93,1.0,458.82
3045,1200,80,2.0,38315.14
3046,1200,15,1.0,5200.29
3047,1200,1,2.0,1348.04
3048,1200,78,1.0,4374.11
3049,1201,32,2.0,30495.64
3050,1202,61,1.0,37568.8
3051,1203,51,1.0,25525.36
3052,1203,16,3.0,4926.15
3053,1203,52,4.0,37813.53
3054,1203,24,2.0,2386.64
3055,1204,79,4.0,40819.56
3056,1204,85,5.0,37787.73
3057,1204,16,4.0,4926.15
3058,1205,82,1.0,8339.84
3059,1205,24,2.0,2386.64
3060,1206,22,5.0,44284.04
3061,1206,95,5.0,42995.81
3062,1207,61,4.0,37568.8
3063,1207,38,3.0,11529.5
3064,1208,76,4.0,12048.67
3065,1209,86,3.0,35676.15
3066,1209,51,4.0,25525.36
3067,1209,90,1.0,11312.4
3068,1210,54,4.0,39624.76
3069,1210,19,1.0,6328.83
3070,1210,37,4.0,42158.31
3071,1210,16,5.0,4926.15
3072,1211,2,5.0,12320.1
3073,1211,39,1.0,40271.79
3074,1211,83,5.0,43634.41
3075,1211,57,1.0,26502.81
3076,1212,18,4.0,36513.62
3077,1212,93,4.0,458.82
3078,1212,36,1.0,11058.8
3079,1213,46,5.0,12406.71
3080,1213,65,2.0,48597.22
3081,1214,91,5.0,1149.61
3082,1214,50,5.0,49866.56
3083,1214,9,2.0,21034.04
3084,1215,46,5.0,12406.71
3085,1215,44,4.0,19842.03
3086,1216,36,3.0,11058.8
3087,1216,51,1.0,25525.36
3088,1217,49,4.0,20030.09
3089,1217,78,2.0,4374.11
3090,1217,74,5.0,5682.2
3091,1217,100,5.0,39252.51
3092,1218,17,3.0,30225.93
3093,1218,76,5.0,12048.67
3094,1218,45,5.0,7229.29
3095,1219,9,1.0,21034.04
3096,1219,4,2.0,4438.25
3097,1219,30,1.0,10554.4
3098,1219,86,1.0,35676.15
3099,1220,87,4.0,49757.95
3100,1220,42,2.0,43830.74
3101,1220,99,2.0,28852.96
3102,1220,14,2.0,47864.93
3103,1221,97,4.0,33481.99
3104,1221,9,1.0,21034.04
3105,1221,79,3.0,40819.56
3106,1221,15,1.0,5200.29
3107,1222,57,3.0,26502.81
3108,1223,23,3.0,28909.87
3109,1224,90,4.0,11312.4
3110,1225,18,5.0,36513.62
3111,1225,72,2.0,45932.83
3112,1225,26,3.0,42780.35
3113,1225,63,4.0,7992.07
3114,1226,29,2.0,8216.44
3115,1226,95,2.0,42995.81
3116,1226,56,5.0,19142.8
3117,1227,12,5.0,34937.16
3118,1227,4,1.0,4438.25
3119,1228,5,2.0,1685.96
3120,1228,1,3.0,1348.04
3121,1229,73,5.0,16275.39
3122,1229,10,3.0,29504.36
3123,1229,24,5.0,2386.64
3124,1229,64,2.0,47695.41
3125,1230,74,4.0,5682.2
3126,1230,65,3.0,48597.22
3127,1231,80,5.0,38315.14
3128,1231,18,1.0,36513.62
3129,1231,57,4.0,26502.81
3130,1232,10,5.0,29504.36
3131,1232,11,2.0,37964.49
3132,1232,67,3.0,43538.88
3133,1232,13,1.0,13965.78
3134,1233,30,1.0,10554.4
3135,1233,77,5.0,43912.68
3136,1233,43,1.0,10710.06
3137,1233,29,3.0,8216.44
3138,1234,50,3.0,49866.56
3139,1234,9,2.0,21034.04
3140,1234,37,1.0,42158.31
3141,1235,67,5.0,43538.88
3142,1235,65,3.0,48597.22
3143,1236,80,1.0,38315.14
3144,1236,70,1.0,18758.3
3145,1236,75,4.0,43948.22
3146,1236,34,1.0,8253.78
3147,1237,44,4.0,19842.03
3148,1238,26,3.0,42780.35
3149,1238,98,1.0,27007.77
3150,1238,18,2.0,36513.62
3151,1239,97,1.0,33481.99
3152,1239,31,4.0,35120.83
3153,1239,10,5.0,29504.36
3154,1240,45,1.0,7229.29
3155,1241,77,5.0,43912.68
3156,1241,11,5.0,37964.49
3157,1241,62,2.0,5666.45
3158,1241,35,1.0,13570.4
3159,1242,5,4.0,1685.96
3160,1243,84,3.0,48221.71
3161,1243,56,4.0,19142.8
3162,1244,30,1.0,10554.4
3163,1244,8,1.0,10022.0
3164,1244,100,2.0,39252.51
3165,1245,88,1.0,21961.19
3166,1245,71,4.0,27015.01
3167,1245,7,4.0,30140.73
3168,1245,99,4.0,28852.96
3169,1246,56,4.0,19142.8
3170,1246,71,2.0,27015.01
3171,1247,57,1.0,26502.81
3172,1248,46,2.0,12406.71
3173,1248,44,4.0,19842.03
3174,1248,8,2.0,10022.0
3175,1249,12,5.0,34937.16
3176,1249,2,2.0,12320.1
3177,1250,96,5.0,25756.39
3178,1250,73,1.0,16275.39
3179,1250,2,2.0,12320.1
3180,1250,8,1.0,10022.0
3181,1251,17,4.0,30225.93
3182,1252,37,1.0,42158.31
3183,1252,41,3.0,45665.49
3184,1253,38,2.0,11529.5
3185,1253,78,4.0,4374.11
3186,1254,85,1.0,37787.73
3187,1254,85,1.0,37787.73
3188,1254,10,3.0,29504.36
3189,1254,70,2.0,18758.3
3190,1255,91,3.0,1149.61
3191,1255,29,4.0,8216.44
3192,1255,92,3.0,11582.73
3193,1255,47,5.0,26994.97
3194,1256,84,2.0,48221.71
3195,1256,68,3.0,42099.3
3196,1256,41,5.0,45665.49
3197,1257,7,3.0,30140.73
3198,1258,91,5.0,1149.61
3199,1258,63,3.0,7992.07
3200,1258,11,2.0,37964.49
3201,1258,18,5.0,36513.62
3202,1259,40,5.0,13460.27
3203,1259,27,1.0,19068.3
3204,1260,93,2.0,458.82
3205,1260,5,2.0,1685.96
3206,1260,90,4.0,11312.4
3207,1261,15,1.0,5200.29
3208,1261,64,1.0,47695.41
3209,1261,35,3.0,13570.4
3210,1261,76,4.0,12048.67
3211,1262,11,1.0,37964.49
3212,1262,36,5.0,11058.8
3213,1262,50,4.0,49866.56
3214,1263,49,4.0,20030.09
3216,1264,27,4.0,19068.3
3217,1264,24,4.0,2386.64
3218,1264,69,1.0,30487.61
3219,1265,5,5.0,1685.96
3220,1265,98,3.0,27007.77
3221,1265,4,5.0,4438.25
3222,1266,34,5.0,8253.78
3223,1266,28,1.0,31820.65
3224,1266,44,5.0,19842.03
3225,1267,55,1.0,29860.81
3226,1267,14,5.0,47864.93
3227,1267,50,3.0,49866.56
3228,1267,69,4.0,30487.61
3229,1268,74,5.0,5682.2
3230,1268,99,5.0,28852.96
3231,1268,34,2.0,8253.78
3232,1268,49,4.0,20030.09
3233,1269,17,1.0,30225.93
3234,1269,36,3.0,11058.8
3235,1270,32,5.0,30495.64
3236,1271,44,5.0,19842.03
3237,1271,51,1.0,25525.36
3238,1271,79,3.0,40819.56
3239,1272,35,3.0,13570.4
3240,1272,84,5.0,48221.71
3241,1272,2,1.0,12320.1
3242,1273,73,3.0,16275.39
3243,1273,34,2.0,8253.78
3244,1273,57,4.0,26502.81
3245,1274,57,1.0,26502.81
3246,1275,5,3.0,1685.96
3247,1275,62,5.0,5666.45
3248,1275,28,4.0,31820.65
3249,1275,8,5.0,10022.0
3250,1276,36,5.0,11058.8
3251,1277,9,4.0,21034.04
3252,1277,24,3.0,2386.64
3253,1277,99,3.0,28852.96
3254,1278,64,2.0,47695.41
3255,1278,30,2.0,10554.4
3256,1278,19,5.0,6328.83
3257,1279,30,1.0,10554.4
3258,1280,24,5.0,2386.64
3259,1281,75,3.0,43948.22
3261,1281,92,2.0,11582.73
3262,1281,8,3.0,10022.0
3263,1282,3,3.0,36849.91
3264,1282,70,1.0,18758.3
3265,1282,77,2.0,43912.68
3266,1283,14,1.0,47864.93
3267,1283,65,4.0,48597.22
3268,1283,15,5.0,5200.29
3269,1284,31,2.0,35120.83
3270,1285,74,3.0,5682.2
3271,1285,88,4.0,21961.19
3272,1285,10,4.0,29504.36
3273,1286,19,1.0,6328.83
3274,1286,42,5.0,43830.74
3275,1286,47,3.0,26994.97
3276,1287,84,3.0,48221.71
3277,1287,61,3.0,37568.8
3278,1287,80,1.0,38315.14
3279,1287,21,3.0,41487.29
3280,1288,38,2.0,11529.5
3281,1289,14,5.0,47864.93
3282,1290,41,5.0,45665.49
3283,1290,92,5.0,11582.73
3284,1291,28,4.0,31820.65
3285,1291,75,1.0,43948.22
3286,1291,85,2.0,37787.73
3287,1292,98,1.0,27007.77
3288,1292,10,2.0,29504.36
3289,1292,73,5.0,16275.39
3290,1292,74,5.0,5682.2
3291,1293,69,1.0,30487.61
3292,1293,68,1.0,42099.3
3293,1293,78,4.0,4374.11
3294,1293,85,5.0,37787.73
3295,1294,41,3.0,45665.49
3296,1294,25,5.0,38676.11
3297,1294,38,2.0,11529.5
3298,1294,43,2.0,10710.06
3299,1295,30,4.0,10554.4
3300,1295,41,1.0,45665.49
3301,1295,89,2.0,22629.16
3302,1296,94,4.0,11524.2
3303,1296,47,1.0,26994.97
3304,1296,46,5.0,12406.71
3305,1296,65,1.0,48597.22
3306,1297,84,4.0,48221.71
3307,1297,78,2.0,4374.11
3308,1297,58,4.0,43052.91
3309,1298,73,2.0,16275.39
3310,1298,69,2.0,30487.61
3311,1299,87,5.0,49757.95
3312,1299,86,2.0,35676.15
3313,1299,78,3.0,4374.11
3314,1299,37,3.0,42158.31
3315,1300,16,1.0,4926.15
3316,1300,53,4.0,7726.78
3317,1300,65,2.0,48597.22
3318,1301,81,2.0,33021.57
3319,1301,24,4.0,2386.64
3320,1301,2,2.0,12320.1
3321,1301,16,4.0,4926.15
3322,1302,98,5.0,27007.77
3323,1302,92,4.0,11582.73
3324,1302,96,1.0,25756.39
3325,1303,5,4.0,1685.96
3326,1303,4,2.0,4438.25
3327,1304,17,5.0,30225.93
3328,1305,55,3.0,29860.81
3329,1305,17,4.0,30225.93
3330,1305,90,5.0,11312.4
3331,1305,31,3.0,35120.83
3332,1306,44,3.0,19842.03
3333,1307,93,1.0,458.82
3334,1308,95,3.0,42995.81
3335,1309,53,4.0,7726.78
3336,1309,95,4.0,42995.81
3337,1309,38,4.0,11529.5
3338,1309,90,2.0,11312.4
3339,1310,93,5.0,458.82
3340,1310,66,1.0,25433.32
3341,1311,1,5.0,1348.04
3342,1311,76,3.0,12048.67
3343,1312,49,3.0,20030.09
3344,1312,57,2.0,26502.81
3345,1312,66,5.0,25433.32
3346,1312,36,1.0,11058.8
3347,1313,39,4.0,40271.79
3348,1313,44,1.0,19842.03
3349,1314,37,3.0,42158.31
3350,1314,50,3.0,49866.56
3351,1314,97,2.0,33481.99
3352,1314,19,1.0,6328.83
3353,1315,56,5.0,19142.8
3354,1315,36,5.0,11058.8
3355,1316,13,3.0,13965.78
3356,1316,37,2.0,42158.31
3357,1316,16,3.0,4926.15
3358,1317,63,4.0,7992.07
3359,1317,29,2.0,8216.44
3360,1317,37,3.0,42158.31
3361,1318,30,3.0,10554.4
3362,1319,13,2.0,13965.78
3363,1319,71,5.0,27015.01
3364,1320,4,5.0,4438.25
3366,1321,1,4.0,1348.04
3367,1321,4,3.0,4438.25
3368,1322,37,5.0,42158.31
3369,1322,55,4.0,29860.81
3370,1323,59,3.0,34046.14
3371,1323,15,1.0,5200.29
3372,1324,56,4.0,19142.8
3373,1324,34,1.0,8253.78
3374,1324,18,3.0,36513.62
3375,1324,94,1.0,11524.2
3376,1325,11,2.0,37964.49
3377,1325,94,1.0,11524.2
3378,1325,42,2.0,43830.74
3379,1326,36,4.0,11058.8
3380,1326,81,5.0,33021.57
3381,1326,87,1.0,49757.95
3382,1327,5,4.0,1685.96
3383,1327,13,5.0,13965.78
3384,1327,41,2.0,45665.49
3385,1328,82,1.0,8339.84
3386,1329,18,5.0,36513.62
3387,1329,49,2.0,20030.09
3388,1330,34,4.0,8253.78
3389,1330,20,4.0,4032.13
3390,1331,94,4.0,11524.2
3391,1331,37,2.0,42158.31
3392,1332,82,1.0,8339.84
3393,1332,67,2.0,43538.88
3394,1333,56,1.0,19142.8
3395,1334,72,5.0,45932.83
3396,1334,27,2.0,19068.3
3397,1334,5,4.0,1685.96
3398,1334,89,3.0,22629.16
3399,1335,81,5.0,33021.57
3400,1335,31,3.0,35120.83
3401,1335,62,5.0,5666.45
3402,1335,85,2.0,37787.73
3403,1336,30,3.0,10554.4
3404,1336,86,4.0,35676.15
3405,1336,63,4.0,7992.07
3406,1337,70,4.0,18758.3
3407,1337,38,1.0,11529.5
3408,1337,29,1.0,8216.44
3409,1338,54,4.0,39624.76
3410,1338,42,2.0,43830.74
3411,1338,85,4.0,37787.73
3412,1339,23,4.0,28909.87
3413,1340,85,1.0,37787.73
3414,1340,45,4.0,7229.29
3415,1340,91,2.0,1149.61
3416,1341,63,5.0,7992.07
3417,1341,53,2.0,7726.78
3418,1341,4,3.0,4438.25
3419,1341,35,5.0,13570.4
3420,1342,53,1.0,7726.78
3421,1342,72,3.0,45932.83
3422,1343,87,3.0,49757.95
3423,1343,53,4.0,7726.78
3424,1343,57,4.0,26502.81
3425,1344,34,1.0,8253.78
3426,1344,35,4.0,13570.4
3427,1344,94,2.0,11524.2
3428,1344,44,1.0,19842.03
3429,1345,58,4.0,43052.91
3430,1345,29,5.0,8216.44
3431,1345,22,5.0,44284.04
3432,1346,100,1.0,39252.51
3433,1346,79,5.0,40819.56
3434,1347,17,5.0,30225.93
3435,1347,70,1.0,18758.3
3436,1347,93,1.0,458.82
3437,1348,12,3.0,34937.16
3438,1348,46,5.0,12406.71
3439,1348,9,1.0,21034.04
3440,1348,67,2.0,43538.88
3441,1349,69,2.0,30487.61
3442,1349,21,5.0,41487.29
3443,1349,51,2.0,25525.36
3444,1350,21,3.0,41487.29
3445,1350,43,4.0,10710.06
3446,1350,28,5.0,31820.65
3447,1351,2,1.0,12320.1
3448,1351,3,5.0,36849.91
3449,1352,65,4.0,48597.22
3451,1353,37,3.0,42158.31
3452,1353,4,2.0,4438.25
3453,1353,81,2.0,33021.57
3454,1354,35,1.0,13570.4
3455,1355,84,4.0,48221.71
3456,1355,17,3.0,30225.93
3457,1355,11,1.0,37964.49
3458,1355,10,5.0,29504.36
3459,1356,3,1.0,36849.91
3460,1356,96,5.0,25756.39
3461,1356,78,2.0,4374.11
3462,1356,13,5.0,13965.78
3463,1357,25,5.0,38676.11
3464,1357,40,3.0,13460.27
3465,1357,55,5.0,29860.81
3466,1357,96,1.0,25756.39
3467,1358,36,4.0,11058.8
3468,1358,26,1.0,42780.35
3469,1358,34,5.0,8253.78
3470,1359,49,3.0,20030.09
3471,1359,55,1.0,29860.81
3472,1359,29,4.0,8216.44
3473,1359,72,3.0,45932.83
3474,1360,37,5.0,42158.31
3475,1360,65,2.0,48597.22
3476,1360,49,1.0,20030.09
3477,1360,64,4.0,47695.41
3478,1361,98,5.0,27007.77
3479,1361,92,1.0,11582.73
3480,1361,58,2.0,43052.91
3481,1362,51,2.0,25525.36
3482,1363,48,4.0,21478.85
3483,1363,73,1.0,16275.39
3484,1363,83,3.0,43634.41
3485,1363,43,2.0,10710.06
3486,1364,13,5.0,13965.78
3487,1365,27,4.0,19068.3
3488,1365,76,2.0,12048.67
3489,1366,19,4.0,6328.83
3490,1367,67,5.0,43538.88
3491,1367,98,2.0,27007.77
3492,1367,8,4.0,10022.0
3493,1367,33,4.0,26753.58
3494,1368,95,3.0,42995.81
3495,1368,20,1.0,4032.13
3496,1368,42,5.0,43830.74
3497,1369,1,3.0,1348.04
3498,1369,89,2.0,22629.16
3499,1369,97,5.0,33481.99
3500,1369,63,5.0,7992.07
3501,1370,41,2.0,45665.49
3502,1370,42,4.0,43830.74
3503,1370,91,4.0,1149.61
3504,1370,66,5.0,25433.32
3505,1371,14,4.0,47864.93
3506,1372,49,2.0,20030.09
3507,1373,21,5.0,41487.29
3508,1374,22,2.0,44284.04
3509,1375,15,1.0,5200.29
3510,1375,55,4.0,29860.81
3511,1375,22,5.0,44284.04
3512,1375,63,2.0,7992.07
3513,1376,52,1.0,37813.53
3514,1376,38,1.0,11529.5
3515,1376,56,3.0,19142.8
3516,1376,93,3.0,458.82
3517,1377,79,3.0,40819.56
3518,1377,73,2.0,16275.39
3519,1377,19,3.0,6328.83
3520,1378,79,3.0,40819.56
3521,1378,67,5.0,43538.88
3522,1379,61,4.0,37568.8
3523,1379,27,3.0,19068.3
3524,1379,96,2.0,25756.39
3525,1380,68,4.0,42099.3
3526,1380,2,3.0,12320.1
3527,1381,23,2.0,28909.87
3528,1381,61,1.0,37568.8
3529,1381,1,3.0,1348.04
3530,1381,90,2.0,11312.4
3531,1382,89,1.0,22629.16
3532,1382,69,4.0,30487.61
3533,1383,13,1.0,13965.78
3534,1383,80,4.0,38315.14
3535,1383,77,2.0,43912.68
3536,1384,45,5.0,7229.29
3537,1385,45,1.0,7229.29
3538,1385,25,3.0,38676.11
3539,1386,55,5.0,29860.81
3540,1386,94,3.0,11524.2
3541,1386,48,5.0,21478.85
3542,1387,33,5.0,26753.58
3543,1387,70,2.0,18758.3
3544,1387,10,5.0,29504.36
3545,1387,20,1.0,4032.13
3546,1388,36,2.0,11058.8
3547,1388,34,5.0,8253.78
3548,1389,17,5.0,30225.93
3549,1390,43,5.0,10710.06
3550,1390,99,5.0,28852.96
3551,1390,78,3.0,4374.11
3552,1390,95,5.0,42995.81
3553,1391,27,2.0,19068.3
3554,1391,1,2.0,1348.04
3555,1391,28,1.0,31820.65
3556,1391,79,2.0,40819.56
3557,1392,22,4.0,44284.04
3558,1392,1,3.0,1348.04
3559,1393,7,2.0,30140.73
3560,1394,55,4.0,29860.81
3561,1394,42,3.0,43830.74
3562,1394,65,1.0,48597.22
3563,1394,31,5.0,35120.83
3564,1395,49,4.0,20030.09
3565,1395,91,4.0,1149.61
3566,1395,46,3.0,12406.71
3567,1395,67,3.0,43538.88
3568,1396,78,2.0,4374.11
3569,1397,82,3.0,8339.84
3570,1397,92,2.0,11582.73
3571,1398,72,4.0,45932.83
3572,1398,63,3.0,7992.07
3573,1398,88,1.0,21961.19
3574,1398,72,4.0,45932.83
3575,1399,23,1.0,28909.87
3576,1399,47,4.0,26994.97
3577,1399,99,3.0,28852.96
3578,1400,28,5.0,31820.65
3579,1400,72,2.0,45932.83
3580,1400,49,3.0,20030.09
3581,1400,23,1.0,28909.87
3582,1401,57,3.0,26502.81
3583,1401,68,2.0,42099.3
3584,1402,76,3.0,12048.67
3585,1403,13,3.0,13965.78
3586,1403,33,5.0,26753.58
3587,1403,2,5.0,12320.1
3588,1404,5,3.0,1685.96
3589,1404,83,4.0,43634.41
3590,1404,51,1.0,25525.36
3591,1405,36,1.0,11058.8
3592,1405,74,1.0,5682.2
3593,1405,92,4.0,11582.73
3594,1406,63,2.0,7992.07
3595,1406,61,5.0,37568.8
3596,1406,14,1.0,47864.93
3597,1406,48,1.0,21478.85
3598,1407,91,2.0,1149.61
3599,1407,17,1.0,30225.93
3600,1408,16,1.0,4926.15
3601,1408,57,1.0,26502.81
3602,1408,41,1.0,45665.49
3603,1408,70,3.0,18758.3
3604,1409,84,5.0,48221.71
3605,1409,95,1.0,42995.81
3606,1410,87,3.0,49757.95
3607,1410,91,2.0,1149.61
3608,1410,76,3.0,12048.67
3609,1411,86,4.0,35676.15
3610,1412,86,1.0,35676.15
3611,1412,9,2.0,21034.04
3612,1412,98,5.0,27007.77
3613,1412,19,3.0,6328.83
3614,1413,23,4.0,28909.87
3615,1414,36,5.0,11058.8
3616,1415,89,5.0,22629.16
3617,1415,53,2.0,7726.78
3618,1416,40,3.0,13460.27
3619,1417,16,3.0,4926.15
3620,1417,60,5.0,34117.35
3621,1417,90,1.0,11312.4
3622,1418,12,1.0,34937.16
3623,1418,12,2.0,34937.16
3624,1418,94,1.0,11524.2
3625,1418,24,3.0,2386.64
3626,1419,99,2.0,28852.96
3627,1420,28,3.0,31820.65
3628,1421,11,2.0,37964.49
3629,1421,40,2.0,13460.27
3630,1421,96,2.0,25756.39
3631,1421,40,1.0,13460.27
3632,1422,91,3.0,1149.61
3633,1422,23,3.0,28909.87
3634,1422,18,5.0,36513.62
3635,1422,41,4.0,45665.49
3636,1423,25,3.0,38676.11
3637,1423,26,2.0,42780.35
3638,1424,34,4.0,8253.78
3639,1424,34,1.0,8253.78
3640,1424,63,3.0,7992.07
3641,1425,45,5.0,7229.29
3642,1425,58,2.0,43052.91
3643,1425,5,5.0,1685.96
3644,1426,20,5.0,4032.13
3645,1426,73,2.0,16275.39
3646,1426,90,4.0,11312.4
3647,1426,45,3.0,7229.29
3648,1427,44,5.0,19842.03
3649,1427,71,3.0,27015.01
3650,1428,66,2.0,25433.32
3651,1429,28,4.0,31820.65
3652,1429,34,1.0,8253.78
3653,1429,15,5.0,5200.29
3654,1430,61,2.0,37568.8
3655,1430,60,5.0,34117.35
3656,1431,48,5.0,21478.85
3657,1431,49,5.0,20030.09
3658,1431,5,3.0,1685.96
3659,1432,81,3.0,33021.57
3660,1433,21,4.0,41487.29
3661,1434,43,3.0,10710.06
3662,1434,83,1.0,43634.41
3663,1434,24,3.0,2386.64
3664,1434,40,2.0,13460.27
3665,1435,70,2.0,18758.3
3666,1435,97,1.0,33481.99
3667,1435,57,5.0,26502.81
3668,1435,59,5.0,34046.14
3669,1436,94,4.0,11524.2
3670,1436,61,2.0,37568.8
3671,1436,33,3.0,26753.58
3672,1436,77,3.0,43912.68
3673,1437,87,4.0,49757.95
3674,1437,39,1.0,40271.79
3675,1437,30,5.0,10554.4
3676,1437,14,4.0,47864.93
3677,1438,100,3.0,39252.51
3678,1438,74,4.0,5682.2
3679,1438,76,1.0,12048.67
3680,1438,21,5.0,41487.29
3681,1439,39,5.0,40271.79
3682,1439,90,5.0,11312.4
3683,1440,73,2.0,16275.39
3684,1440,17,3.0,30225.93
3685,1441,12,3.0,34937.16
3686,1442,45,4.0,7229.29
3687,1442,51,2.0,25525.36
3688,1443,1,2.0,1348.04
3689,1443,26,2.0,42780.35
3690,1443,39,3.0,40271.79
3691,1443,11,2.0,37964.49
3692,1444,27,4.0,19068.3
3693,1444,12,2.0,34937.16
3694,1445,88,5.0,21961.19
3695,1445,100,3.0,39252.51
3696,1446,62,2.0,5666.45
3697,1447,13,4.0,13965.78
3698,1447,71,4.0,27015.01
3699,1447,90,2.0,11312.4
3700,1448,86,4.0,35676.15
3701,1448,60,2.0,34117.35
3702,1448,98,1.0,27007.77
3703,1448,50,2.0,49866.56
3704,1449,98,2.0,27007.77
3705,1449,52,3.0,37813.53
3706,1449,37,4.0,42158.31
3707,1450,69,1.0,30487.61
3708,1450,45,4.0,7229.29
3709,1450,86,5.0,35676.15
3710,1450,4,2.0,4438.25
3711,1451,99,2.0,28852.96
3712,1451,48,3.0,21478.85
3713,1452,65,1.0,48597.22
3714,1452,79,5.0,40819.56
3715,1452,97,4.0,33481.99
3716,1453,83,2.0,43634.41
3717,1454,64,2.0,47695.41
3719,1455,56,1.0,19142.8
3720,1455,44,4.0,19842.03
3721,1455,84,2.0,48221.71
3722,1456,20,3.0,4032.13
3723,1456,40,4.0,13460.27
3724,1456,87,4.0,49757.95
3725,1456,5,3.0,1685.96
3726,1457,23,2.0,28909.87
3727,1457,51,5.0,25525.36
3728,1457,14,4.0,47864.93
3729,1457,11,3.0,37964.49
3730,1458,84,4.0,48221.71
3731,1459,21,3.0,41487.29
3732,1460,74,5.0,5682.2
3733,1460,50,4.0,49866.56
3734,1461,63,4.0,7992.07
3735,1462,99,1.0,28852.96
3736,1462,39,4.0,40271.79
3737,1462,34,1.0,8253.78
3738,1462,78,4.0,4374.11
3739,1463,100,4.0,39252.51
3740,1463,92,3.0,11582.73
3741,1463,69,3.0,30487.61
3742,1464,23,4.0,28909.87
3743,1465,87,1.0,49757.95
3744,1465,20,1.0,4032.13
3745,1465,44,5.0,19842.03
3746,1465,34,2.0,8253.78
3747,1466,56,1.0,19142.8
3748,1466,60,3.0,34117.35
3750,1466,63,4.0,7992.07
3751,1467,7,5.0,30140.73
3752,1467,88,3.0,21961.19
3753,1467,33,4.0,26753.58
3754,1468,87,3.0,49757.95
3755,1468,99,1.0,28852.96
3756,1468,70,3.0,18758.3
3757,1469,38,3.0,11529.5
3758,1469,54,1.0,39624.76
3759,1470,42,3.0,43830.74
3760,1470,82,1.0,8339.84
3761,1470,77,1.0,43912.68
3762,1470,46,1.0,12406.71
3763,1471,32,2.0,30495.64
3764,1471,11,5.0,37964.49
3765,1471,13,2.0,13965.78
3766,1471,94,2.0,11524.2
3767,1472,56,3.0,19142.8
3768,1472,45,4.0,7229.29
3769,1472,89,5.0,22629.16
3770,1472,32,5.0,30495.64
3772,1473,42,3.0,43830.74
3773,1473,5,2.0,1685.96
3774,1473,78,1.0,4374.11
3775,1474,66,1.0,25433.32
3776,1474,44,3.0,19842.03
3777,1474,55,4.0,29860.81
3778,1474,3,2.0,36849.91
3779,1475,93,1.0,458.82
3780,1475,56,1.0,19142.8
3781,1475,25,5.0,38676.11
3782,1476,39,5.0,40271.79
3783,1476,66,5.0,25433.32
3784,1476,32,1.0,30495.64
3785,1477,74,4.0,5682.2
3786,1477,28,4.0,31820.65
3787,1477,36,2.0,11058.8
3788,1478,65,1.0,48597.22
3789,1478,78,4.0,4374.11
3790,1478,24,3.0,2386.64
3791,1479,1,4.0,1348.04
3792,1479,27,1.0,19068.3
3793,1479,54,2.0,39624.76
3794,1480,35,4.0,13570.4
3795,1480,77,3.0,43912.68
3796,1480,13,2.0,13965.78
3797,1481,3,3.0,36849.91
3798,1481,29,1.0,8216.44
3799,1482,94,5.0,11524.2
3800,1482,59,5.0,34046.14
3801,1482,54,5.0,39624.76
3802,1483,70,4.0,18758.3
3803,1483,61,5.0,37568.8
3804,1483,2,3.0,12320.1
3805,1484,41,3.0,45665.49
3806,1484,57,2.0,26502.81
3807,1484,60,4.0,34117.35
3808,1485,69,2.0,30487.61
3809,1485,87,4.0,49757.95
3810,1486,52,1.0,37813.53
3811,1486,85,5.0,37787.73
3812,1486,11,4.0,37964.49
3813,1487,11,2.0,37964.49
3814,1487,96,5.0,25756.39
3815,1487,48,3.0,21478.85
3816,1488,97,3.0,33481.99
3817,1488,58,4.0,43052.91
3818,1488,4,2.0,4438.25
3819,1489,80,3.0,38315.14
3820,1489,73,4.0,16275.39
3821,1490,98,1.0,27007.77
3822,1490,97,3.0,33481.99
3823,1490,72,4.0,45932.83
3824,1490,31,4.0,35120.83
3825,1491,49,5.0,20030.09
3826,1491,16,1.0,4926.15
3827,1492,28,2.0,31820.65
3828,1492,15,5.0,5200.29
3829,1492,38,2.0,11529.5
3830,1492,21,4.0,41487.29
3831,1493,46,2.0,12406.71
3832,1493,54,5.0,39624.76
3833,1493,36,3.0,11058.8
3834,1493,99,3.0,28852.96
3835,1494,86,3.0,35676.15
3836,1495,29,4.0,8216.44
3837,1495,64,4.0,47695.41
3838,1495,37,4.0,42158.31
3839,1495,21,2.0,41487.29
3840,1496,37,1.0,42158.31
3841,1496,69,3.0,30487.61
3842,1496,98,4.0,27007.77
3843,1496,84,2.0,48221.71
3844,1497,50,5.0,49866.56
3845,1498,54,4.0,39624.76
3846,1498,25,1.0,38676.11
3847,1498,80,2.0,38315.14
3848,1498,18,5.0,36513.62
3849,1499,77,5.0,43912.68
3850,1500,3,3.0,36849.91
3851,1500,79,2.0,40819.56
3852,1500,22,5.0,44284.04
3853,1500,81,4.0,33021.57
3854,1501,48,1.0,21478.85
3855,1502,71,5.0,27015.01
3856,1502,25,2.0,38676.11
3857,1502,59,3.0,34046.14
3858,1502,93,2.0,458.82
3859,1503,61,2.0,37568.8
3860,1503,42,2.0,43830.74
3861,1504,9,1.0,21034.04
3862,1504,27,5.0,19068.3
3863,1504,60,4.0,34117.35
3864,1505,88,5.0,21961.19
3865,1505,57,2.0,26502.81
3866,1506,60,5.0,34117.35
3867,1506,83,1.0,43634.41
3868,1507,21,2.0,41487.29
3869,1507,60,1.0,34117.35
3870,1507,1,1.0,1348.04
3871,1508,67,4.0,43538.88
3872,1508,50,1.0,49866.56
3873,1508,54,3.0,39624.76
3874,1508,92,5.0,11582.73
3875,1509,92,5.0,11582.73
3876,1510,57,4.0,26502.81
3877,1511,38,4.0,11529.5
3878,1512,47,4.0,26994.97
3879,1513,55,1.0,29860.81
3880,1513,14,2.0,47864.93
3881,1513,34,5.0,8253.78
3882,1513,97,1.0,33481.99
3883,1514,47,4.0,26994.97
3884,1514,85,3.0,37787.73
3885,1515,32,4.0,30495.64
3886,1515,27,3.0,19068.3
3887,1516,43,1.0,10710.06
3888,1517,91,4.0,1149.61
3889,1517,97,2.0,33481.99
3890,1517,97,3.0,33481.99
3891,1517,44,3.0,19842.03
3892,1518,43,4.0,10710.06
3893,1518,90,3.0,11312.4
3894,1518,73,3.0,16275.39
3895,1518,77,1.0,43912.68
3896,1519,19,5.0,6328.83
3897,1519,37,1.0,42158.31
3898,1520,48,5.0,21478.85
3899,1520,47,3.0,26994.97
3900,1521,92,2.0,11582.73
3901,1521,73,3.0,16275.39
3902,1521,61,4.0,37568.8
3903,1522,20,2.0,4032.13
3904,1522,19,5.0,6328.83
3905,1522,38,4.0,11529.5
3906,1523,82,2.0,8339.84
3907,1523,4,2.0,4438.25
3908,1523,75,3.0,43948.22
3909,1524,75,1.0,43948.22
3910,1524,34,3.0,8253.78
3911,1525,62,5.0,5666.45
3912,1525,22,3.0,44284.04
3913,1525,83,2.0,43634.41
3914,1525,76,5.0,12048.67
3915,1526,67,3.0,43538.88
3916,1526,49,4.0,20030.09
3917,1526,83,2.0,43634.41
3918,1527,23,4.0,28909.87
3919,1527,49,1.0,20030.09
3920,1527,86,1.0,35676.15
3921,1527,44,2.0,19842.03
3922,1528,27,2.0,19068.3
3923,1528,20,3.0,4032.13
3924,1528,78,1.0,4374.11
3925,1529,46,4.0,12406.71
3926,1529,59,5.0,34046.14
3927,1530,96,5.0,25756.39
3928,1531,95,2.0,42995.81
3929,1531,47,1.0,26994.97
3930,1532,81,1.0,33021.57
3931,1532,43,5.0,10710.06
3932,1532,9,3.0,21034.04
3933,1532,71,5.0,27015.01
3934,1533,8,4.0,10022.0
3935,1534,32,3.0,30495.64
3936,1534,95,2.0,42995.81
3937,1535,30,4.0,10554.4
3938,1535,23,1.0,28909.87
3939,1536,71,3.0,27015.01
3940,1536,12,2.0,34937.16
3941,1536,94,1.0,11524.2
3942,1537,67,3.0,43538.88
3943,1537,8,2.0,10022.0
3944,1538,32,5.0,30495.64
3945,1538,98,5.0,27007.77
3946,1539,60,1.0,34117.35
3947,1539,69,1.0,30487.61
3948,1539,41,1.0,45665.49
3949,1539,26,4.0,42780.35
3950,1540,57,1.0,26502.81
3951,1541,26,1.0,42780.35
3952,1541,70,5.0,18758.3
3953,1541,28,5.0,31820.65
3954,1541,63,3.0,7992.07
3955,1542,75,4.0,43948.22
3956,1543,93,4.0,458.82
3957,1544,76,5.0,12048.67
3958,1544,97,4.0,33481.99
3959,1545,33,4.0,26753.58
3960,1546,64,2.0,47695.41
3961,1546,43,5.0,10710.06
3962,1546,62,5.0,5666.45
3963,1547,83,3.0,43634.41
3964,1547,34,5.0,8253.78
3965,1547,32,3.0,30495.64
3966,1548,87,5.0,49757.95
3967,1548,65,3.0,48597.22
3968,1548,81,4.0,33021.57
3969,1549,97,2.0,33481.99
3970,1550,1,3.0,1348.04
3971,1550,66,4.0,25433.32
3972,1550,64,2.0,47695.41
3973,1550,23,1.0,28909.87
3974,1551,87,3.0,49757.95
3975,1551,13,4.0,13965.78
3976,1551,44,5.0,19842.03
3977,1551,24,2.0,2386.64
3978,1552,98,2.0,27007.77
3979,1553,40,5.0,13460.27
3980,1553,40,3.0,13460.27
3981,1554,14,3.0,47864.93
3982,1554,79,2.0,40819.56
3983,1554,74,2.0,5682.2
3984,1554,42,2.0,43830.74
3985,1555,99,4.0,28852.96
3986,1555,22,2.0,44284.04
3987,1556,42,5.0,43830.74
3988,1556,61,5.0,37568.8
3989,1557,100,3.0,39252.51
3990,1557,30,3.0,10554.4
3991,1557,61,3.0,37568.8
3992,1557,48,2.0,21478.85
3993,1558,43,3.0,10710.06
3994,1558,96,3.0,25756.39
3995,1558,58,3.0,43052.91
3996,1559,73,4.0,16275.39
3997,1559,98,4.0,27007.77
3998,1559,1,4.0,1348.04
3999,1559,8,4.0,10022.0
4000,1560,83,2.0,43634.41
4001,1560,59,3.0,34046.14
4002,1560,3,2.0,36849.91
4003,1561,85,3.0,37787.73
4004,1561,38,3.0,11529.5
4005,1562,42,4.0,43830.74
4006,1563,42,5.0,43830.74
4007,1563,72,2.0,45932.83
4008,1563,28,5.0,31820.65
4009,1563,65,4.0,48597.22
4010,1564,14,1.0,47864.93
4011,1564,32,2.0,30495.64
4012,1564,42,4.0,43830.74
4014,1565,89,4.0,22629.16
4015,1565,32,3.0,30495.64
4016,1565,78,5.0,4374.11
4017,1566,8,1.0,10022.0
4018,1566,8,3.0,10022.0
4019,1566,36,5.0,11058.8
4020,1566,48,4.0,21478.85
4021,1567,15,4.0,5200.29
4022,1567,18,1.0,36513.62
4023,1567,42,4.0,43830.74
4024,1568,20,5.0,4032.13
4025,1568,39,5.0,40271.79
4026,1569,72,1.0,45932.83
4027,1569,57,2.0,26502.81
4028,1570,74,5.0,5682.2
4029,1570,98,3.0,27007.77
4030,1570,72,5.0,45932.83
4031,1571,89,1.0,22629.16
4032,1571,18,1.0,36513.62
4033,1571,90,3.0,11312.4
4034,1572,99,4.0,28852.96
4035,1572,96,2.0,25756.39
4036,1572,24,3.0,2386.64
4037,1573,30,4.0,10554.4
4038,1573,47,3.0,26994.97
4039,1573,26,3.0,42780.35
4040,1573,33,5.0,26753.58
4041,1574,18,1.0,36513.62
4042,1575,55,4.0,29860.81
4043,1575,63,1.0,7992.07
4044,1575,68,1.0,42099.3
4045,1575,66,3.0,25433.32
4046,1576,73,4.0,16275.39
4047,1577,65,3.0,48597.22
4048,1578,37,5.0,42158.31
4049,1578,43,1.0,10710.06
4050,1578,95,1.0,42995.81
4051,1578,73,1.0,16275.39
4052,1579,69,2.0,30487.61
4053,1580,74,4.0,5682.2
4054,1581,97,1.0,33481.99
4055,1581,99,4.0,28852.96
4056,1582,60,4.0,34117.35
4057,1582,95,2.0,42995.81
4058,1582,84,3.0,48221.71
4059,1583,24,5.0,2386.64
4060,1584,59,5.0,34046.14
4061,1584,100,4.0,39252.51
4062,1584,3,4.0,36849.91
4063,1585,1,5.0,1348.04
4064,1585,50,1.0,49866.56
4065,1585,2,2.0,12320.1
4066,1586,55,2.0,29860.81
4067,1586,34,2.0,8253.78
4068,1586,75,3.0,43948.22
4069,1587,84,2.0,48221.71
4070,1587,99,5.0,28852.96
4071,1587,46,5.0,12406.71
4072,1587,20,2.0,4032.13
4073,1588,27,3.0,19068.3
4074,1588,24,1.0,2386.64
4075,1589,69,5.0,30487.61
4076,1590,100,2.0,39252.51
4077,1591,9,3.0,21034.04
4078,1591,41,2.0,45665.49
4079,1591,85,2.0,37787.73
4080,1592,39,2.0,40271.79
4081,1592,55,3.0,29860.81
4082,1593,28,3.0,31820.65
4083,1593,4,2.0,4438.25
4084,1594,16,4.0,4926.15
4085,1594,4,4.0,4438.25
4086,1594,96,2.0,25756.39
4087,1594,49,1.0,20030.09
4088,1595,57,4.0,26502.81
4089,1595,26,2.0,42780.35
4090,1595,99,4.0,28852.96
4091,1595,76,1.0,12048.67
4092,1596,23,5.0,28909.87
4093,1597,21,2.0,41487.29
4094,1598,63,5.0,7992.07
4095,1599,96,3.0,25756.39
4096,1599,54,2.0,39624.76
4097,1599,27,1.0,19068.3
4098,1600,62,3.0,5666.45
4099,1600,66,1.0,25433.32
4100,1600,59,1.0,34046.14
4101,1601,49,4.0,20030.09
4102,1602,13,3.0,13965.78
4103,1602,47,3.0,26994.97
4104,1602,9,4.0,21034.04
4105,1602,84,3.0,48221.71
4106,1603,90,1.0,11312.4
4107,1603,84,4.0,48221.71
4108,1604,3,3.0,36849.91
4109,1604,94,3.0,11524.2
4111,1604,32,2.0,30495.64
4112,1605,17,5.0,30225.93
4113,1606,18,4.0,36513.62
4114,1606,98,1.0,27007.77
4115,1607,77,2.0,43912.68
4116,1608,48,5.0,21478.85
4117,1608,54,2.0,39624.76
4118,1608,54,2.0,39624.76
4119,1609,67,2.0,43538.88
4120,1609,95,2.0,42995.81
4121,1610,15,2.0,5200.29
4122,1610,4,4.0,4438.25
4123,1610,27,3.0,19068.3
4124,1611,81,3.0,33021.57
4125,1611,34,5.0,8253.78
4126,1611,42,1.0,43830.74
4127,1611,4,3.0,4438.25
4128,1612,61,1.0,37568.8
4129,1613,53,1.0,7726.78
4130,1613,70,4.0,18758.3
4131,1614,21,1.0,41487.29
4132,1614,2,3.0,12320.1
4133,1615,12,4.0,34937.16
4134,1615,9,1.0,21034.04
4135,1616,60,4.0,34117.35
4136,1616,69,4.0,30487.61
4137,1616,18,5.0,36513.62
4138,1616,82,1.0,8339.84
4139,1617,61,4.0,37568.8
4140,1617,33,2.0,26753.58
4141,1617,42,5.0,43830.74
4142,1618,79,1.0,40819.56
4143,1618,62,4.0,5666.45
4144,1618,96,5.0,25756.39
4145,1619,17,2.0,30225.93
4146,1619,66,2.0,25433.32
4147,1620,29,1.0,8216.44
4148,1620,96,1.0,25756.39
4149,1621,37,5.0,42158.31
4150,1621,14,2.0,47864.93
4151,1621,29,3.0,8216.44
4152,1621,24,3.0,2386.64
4153,1622,91,4.0,1149.61
4154,1622,86,5.0,35676.15
4155,1622,67,5.0,43538.88
4156,1623,98,2.0,27007.77
4157,1623,42,4.0,43830.74
4158,1623,48,2.0,21478.85
4159,1624,96,4.0,25756.39
4160,1625,26,2.0,42780.35
4161,1626,19,1.0,6328.83
4162,1627,21,4.0,41487.29
4163,1627,42,1.0,43830.74
4164,1628,62,3.0,5666.45
4165,1628,25,5.0,38676.11
4166,1628,52,4.0,37813.53
4167,1628,28,4.0,31820.65
4168,1629,70,4.0,18758.3
4169,1629,16,3.0,4926.15
4170,1629,84,5.0,48221.71
4171,1630,44,2.0,19842.03
4172,1630,33,3.0,26753.58
4173,1630,63,5.0,7992.07
4174,1631,85,1.0,37787.73
4175,1631,86,3.0,35676.15
4176,1631,98,5.0,27007.77
4177,1631,34,1.0,8253.78
4178,1632,55,1.0,29860.81
4179,1632,70,2.0,18758.3
4180,1632,13,2.0,13965.78
4181,1633,15,1.0,5200.29
4182,1633,71,3.0,27015.01
4183,1633,17,3.0,30225.93
4184,1633,40,4.0,13460.27
4185,1634,71,1.0,27015.01
4186,1634,65,2.0,48597.22
4187,1634,51,5.0,25525.36
4188,1634,25,2.0,38676.11
4189,1635,100,1.0,39252.51
4190,1635,26,3.0,42780.35
4191,1636,73,5.0,16275.39
4192,1636,68,1.0,42099.3
4193,1637,70,2.0,18758.3
4194,1637,89,5.0,22629.16
4195,1637,22,3.0,44284.04
4196,1638,13,2.0,13965.78
4197,1638,82,5.0,8339.84
4198,1639,97,2.0,33481.99
4199,1639,70,5.0,18758.3
4200,1640,26,3.0,42780.35
4201,1640,7,4.0,30140.73
4202,1640,38,4.0,11529.5
4203,1640,67,4.0,43538.88
4204,1641,60,3.0,34117.35
4205,1641,18,3.0,36513.62
4206,1641,1,1.0,1348.04
4207,1641,33,5.0,26753.58
4208,1642,27,5.0,19068.3
4209,1642,77,1.0,43912.68
4210,1642,8,4.0,10022.0
4211,1643,19,4.0,6328.83
4212,1643,21,2.0,41487.29
4213,1644,21,4.0,41487.29
4214,1644,51,5.0,25525.36
4215,1644,25,2.0,38676.11
4216,1644,45,1.0,7229.29
4217,1645,36,2.0,11058.8
4218,1645,52,1.0,37813.53
4219,1646,27,4.0,19068.3
4220,1646,19,3.0,6328.83
4221,1647,2,1.0,12320.1
4222,1647,67,3.0,43538.88
4223,1647,68,1.0,42099.3
4224,1648,30,4.0,10554.4
4225,1648,39,1.0,40271.79
4226,1648,70,5.0,18758.3
4227,1648,59,2.0,34046.14
4228,1649,97,3.0,33481.99
4230,1650,33,1.0,26753.58
4231,1650,81,4.0,33021.57
4232,1651,75,2.0,43948.22
4233,1651,91,4.0,1149.61
4234,1651,98,3.0,27007.77
4235,1651,29,5.0,8216.44
4236,1652,12,5.0,34937.16
4237,1653,31,4.0,35120.83
4238,1653,90,4.0,11312.4
4239,1653,54,1.0,39624.76
4240,1654,99,3.0,28852.96
4241,1655,33,5.0,26753.58
4242,1655,43,4.0,10710.06
4243,1655,86,3.0,35676.15
4244,1656,11,1.0,37964.49
4245,1656,13,4.0,13965.78
4246,1656,32,5.0,30495.64
4247,1657,29,5.0,8216.44
4248,1657,56,3.0,19142.8
4249,1657,14,4.0,47864.93
4250,1657,72,5.0,45932.83
4251,1658,78,5.0,4374.11
4252,1658,86,4.0,35676.15
4254,1658,14,5.0,47864.93
4255,1659,74,1.0,5682.2
4256,1660,98,2.0,27007.77
4257,1661,75,5.0,43948.22
4258,1661,54,4.0,39624.76
4259,1661,92,1.0,11582.73
4260,1662,83,4.0,43634.41
4261,1662,59,5.0,34046.14
4262,1662,67,1.0,43538.88
4263,1663,81,4.0,33021.57
4264,1663,86,1.0,35676.15
4265,1663,28,5.0,31820.65
4266,1663,24,1.0,2386.64
4267,1664,13,3.0,13965.78
4268,1664,53,1.0,7726.78
4269,1664,94,4.0,11524.2
4270,1665,46,3.0,12406.71
4271,1665,46,2.0,12406.71
4272,1665,36,4.0,11058.8
4273,1666,42,4.0,43830.74
4274,1667,99,2.0,28852.96
4275,1667,27,5.0,19068.3
4276,1667,99,5.0,28852.96
4277,1668,95,4.0,42995.81
4278,1668,97,3.0,33481.99
4279,1668,100,2.0,39252.51
4280,1669,12,3.0,34937.16
4281,1669,46,5.0,12406.71
4282,1669,69,2.0,30487.61
4283,1669,41,3.0,45665.49
4284,1670,93,1.0,458.82
4285,1671,41,5.0,45665.49
4286,1671,64,2.0,47695.41
4287,1671,97,4.0,33481.99
4288,1671,26,3.0,42780.35
4289,1672,45,3.0,7229.29
4290,1672,57,3.0,26502.81
4291,1672,97,2.0,33481.99
4292,1672,22,3.0,44284.04
4293,1673,15,2.0,5200.29
4294,1674,65,5.0,48597.22
4295,1674,38,5.0,11529.5
4296,1674,69,2.0,30487.61
4297,1675,80,1.0,38315.14
4298,1675,26,1.0,42780.35
4299,1675,12,5.0,34937.16
4300,1675,85,4.0,37787.73
4301,1676,19,3.0,6328.83
4302,1676,69,3.0,30487.61
4303,1676,51,2.0,25525.36
4304,1677,14,3.0,47864.93
4305,1677,79,5.0,40819.56
4306,1677,11,3.0,37964.49
4307,1677,29,4.0,8216.44
4308,1678,32,5.0,30495.64
4309,1679,86,3.0,35676.15
4310,1679,4,4.0,4438.25
4311,1680,89,2.0,22629.16
4312,1680,32,2.0,30495.64
4313,1681,83,2.0,43634.41
4314,1681,19,1.0,6328.83
4315,1681,38,2.0,11529.5
4316,1681,3,5.0,36849.91
4317,1682,57,4.0,26502.81
4318,1682,72,5.0,45932.83
4319,1682,73,2.0,16275.39
4320,1682,53,2.0,7726.78
4321,1683,81,5.0,33021.57
4322,1683,50,3.0,49866.56
4323,1683,91,3.0,1149.61
4324,1683,34,4.0,8253.78
4325,1684,47,2.0,26994.97
4326,1684,41,5.0,45665.49
4327,1684,46,1.0,12406.71
4328,1685,42,2.0,43830.74
4329,1685,69,5.0,30487.61
4330,1686,13,5.0,13965.78
4331,1686,91,4.0,1149.61
4332,1687,14,5.0,47864.93
4333,1687,30,3.0,10554.4
4334,1687,92,5.0,11582.73
4335,1688,60,3.0,34117.35
4336,1688,74,1.0,5682.2
4337,1689,80,4.0,38315.14
4338,1689,64,5.0,47695.41
4339,1689,56,1.0,19142.8
4340,1689,22,1.0,44284.04
4341,1690,72,1.0,45932.83
4342,1690,45,4.0,7229.29
4343,1690,91,2.0,1149.61
4344,1690,9,3.0,21034.04
4345,1691,93,3.0,458.82
4346,1692,94,1.0,11524.2
4347,1692,92,5.0,11582.73
4348,1692,63,4.0,7992.07
4349,1693,51,2.0,25525.36
4350,1693,85,4.0,37787.73
4351,1694,69,3.0,30487.61
4352,1694,43,2.0,10710.06
4353,1694,73,5.0,16275.39
4354,1695,19,5.0,6328.83
4355,1695,88,5.0,21961.19
4356,1695,41,1.0,45665.49
4357,1695,79,1.0,40819.56
4358,1696,76,1.0,12048.67
4359,1696,100,1.0,39252.51
4360,1696,79,1.0,40819.56
4361,1697,94,2.0,11524.2
4362,1697,94,2.0,11524.2
4363,1697,32,5.0,30495.64
4364,1697,100,2.0,39252.51
4365,1698,4,4.0,4438.25
4366,1698,94,1.0,11524.2
4367,1699,12,1.0,34937.16
4368,1699,52,5.0,37813.53
4369,1699,90,4.0,11312.4
4370,1700,49,4.0,20030.09
4371,1700,18,3.0,36513.62
4372,1700,24,1.0,2386.64
4373,1700,40,3.0,13460.27
4374,1701,91,4.0,1149.61
4375,1701,33,4.0,26753.58
4376,1702,24,3.0,2386.64
4377,1703,26,2.0,42780.35
4378,1703,45,1.0,7229.29
4379,1703,44,4.0,19842.03
4380,1703,97,1.0,33481.99
4381,1704,3,5.0,36849.91
4382,1704,8,5.0,10022.0
4383,1704,8,3.0,10022.0
4384,1705,22,1.0,44284.04
4385,1706,1,3.0,1348.04
4386,1707,40,1.0,13460.27
4387,1707,73,5.0,16275.39
4388,1707,48,1.0,21478.85
4389,1707,23,2.0,28909.87
4390,1708,24,5.0,2386.64
4391,1708,28,3.0,31820.65
4392,1708,13,2.0,13965.78
4393,1708,77,3.0,43912.68
4394,1709,57,2.0,26502.81
4395,1709,65,2.0,48597.22
4396,1710,4,5.0,4438.25
4397,1710,5,5.0,1685.96
4398,1710,16,3.0,4926.15
4399,1710,38,1.0,11529.5
4400,1711,88,2.0,21961.19
4401,1711,76,5.0,12048.67
4402,1711,22,1.0,44284.04
4403,1712,25,5.0,38676.11
4404,1712,20,5.0,4032.13
4405,1712,44,4.0,19842.03
4406,1712,85,5.0,37787.73
4407,1713,58,1.0,43052.91
4408,1713,86,5.0,35676.15
4409,1713,9,3.0,21034.04
4410,1713,32,3.0,30495.64
4411,1714,31,4.0,35120.83
4412,1714,25,4.0,38676.11
4413,1715,46,1.0,12406.71
4414,1716,85,5.0,37787.73
4415,1716,13,5.0,13965.78
4416,1716,12,3.0,34937.16
4417,1716,68,5.0,42099.3
4418,1717,97,5.0,33481.99
4419,1717,83,2.0,43634.41
4420,1717,37,3.0,42158.31
4421,1717,18,4.0,36513.62
4422,1718,38,4.0,11529.5
4423,1718,52,4.0,37813.53
4424,1719,11,4.0,37964.49
4425,1719,4,4.0,4438.25
4426,1719,14,3.0,47864.93
4427,1719,72,4.0,45932.83
4428,1720,40,4.0,13460.27
4429,1720,99,3.0,28852.96
4430,1720,99,1.0,28852.96
4431,1720,68,1.0,42099.3
4432,1721,12,3.0,34937.16
4433,1721,76,5.0,12048.67
4434,1722,83,3.0,43634.41
4435,1722,95,1.0,42995.81
4436,1723,7,3.0,30140.73
4437,1724,25,3.0,38676.11
4438,1724,69,1.0,30487.61
4439,1724,88,4.0,21961.19
4440,1724,95,5.0,42995.81
4441,1725,66,3.0,25433.32
4442,1725,88,1.0,21961.19
4443,1726,13,4.0,13965.78
4444,1726,24,2.0,2386.64
4445,1727,10,2.0,29504.36
4446,1727,64,2.0,47695.41
4447,1727,74,5.0,5682.2
4449,1729,89,1.0,22629.16
4450,1729,38,1.0,11529.5
4451,1730,85,3.0,37787.73
4452,1730,23,4.0,28909.87
4453,1731,48,4.0,21478.85
4455,1732,77,2.0,43912.68
4456,1732,80,3.0,38315.14
4457,1733,88,5.0,21961.19
4458,1733,91,3.0,1149.61
4459,1733,27,3.0,19068.3
4460,1733,53,1.0,7726.78
4461,1734,53,4.0,7726.78
4462,1734,36,2.0,11058.8
4463,1734,100,4.0,39252.51
4464,1734,33,5.0,26753.58
4465,1735,81,4.0,33021.57
4466,1736,90,4.0,11312.4
4467,1737,85,2.0,37787.73
4468,1737,10,1.0,29504.36
4469,1738,21,4.0,41487.29
4470,1739,24,5.0,2386.64
4471,1740,22,3.0,44284.04
4472,1740,88,4.0,21961.19
4473,1740,37,5.0,42158.31
4474,1741,37,5.0,42158.31
4475,1741,34,1.0,8253.78
4476,1741,98,1.0,27007.77
4477,1742,26,1.0,42780.35
4478,1742,72,4.0,45932.83
4479,1742,26,2.0,42780.35
4480,1742,67,1.0,43538.88
4481,1743,62,1.0,5666.45
4482,1743,15,2.0,5200.29
4483,1743,5,4.0,1685.96
4484,1743,24,1.0,2386.64
4485,1744,31,4.0,35120.83
4486,1745,57,2.0,26502.81
4487,1745,57,5.0,26502.81
4488,1745,99,1.0,28852.96
4489,1746,99,2.0,28852.96
4490,1746,93,3.0,458.82
4491,1747,73,1.0,16275.39
4492,1748,44,3.0,19842.03
4493,1748,23,3.0,28909.87
4494,1749,26,1.0,42780.35
4495,1749,51,4.0,25525.36
4496,1749,20,3.0,4032.13
4497,1749,65,1.0,48597.22
4498,1750,24,2.0,2386.64
4499,1750,43,4.0,10710.06
4500,1751,57,1.0,26502.81
4501,1752,78,5.0,4374.11
4502,1752,37,5.0,42158.31
4503,1753,19,5.0,6328.83
4504,1753,41,1.0,45665.49
4505,1754,88,1.0,21961.19
4506,1755,67,5.0,43538.88
4507,1755,3,5.0,36849.91
4508,1755,93,2.0,458.82
4509,1755,93,3.0,458.82
4510,1756,5,2.0,1685.96
4511,1756,14,2.0,47864.93
4512,1756,1,4.0,1348.04
4513,1757,73,1.0,16275.39
4514,1758,99,5.0,28852.96
4515,1758,16,2.0,4926.15
4516,1758,98,1.0,27007.77
4517,1758,73,5.0,16275.39
4518,1759,3,4.0,36849.91
4519,1760,37,5.0,42158.31
4520,1760,50,4.0,49866.56
4521,1760,96,2.0,25756.39
4522,1760,88,4.0,21961.19
4523,1761,45,4.0,7229.29
4524,1761,62,2.0,5666.45
4525,1761,59,5.0,34046.14
4526,1762,29,2.0,8216.44
4527,1762,37,2.0,42158.31
4528,1762,50,3.0,49866.56
4529,1763,48,1.0,21478.85
4530,1763,56,3.0,19142.8
4532,1764,53,5.0,7726.78
4533,1765,52,2.0,37813.53
4534,1765,81,3.0,33021.57
4535,1766,52,4.0,37813.53
4536,1766,54,4.0,39624.76
4537,1767,57,4.0,26502.81
4538,1767,60,3.0,34117.35
4539,1767,44,3.0,19842.03
4540,1767,86,4.0,35676.15
4541,1768,93,5.0,458.82
4542,1768,27,2.0,19068.3
4543,1769,92,2.0,11582.73
4544,1769,73,2.0,16275.39
4545,1770,60,5.0,34117.35
4546,1770,98,4.0,27007.77
4547,1770,48,3.0,21478.85
4548,1771,51,2.0,25525.36
4549,1771,61,1.0,37568.8
4550,1772,39,5.0,40271.79
4551,1772,53,1.0,7726.78
4552,1772,26,2.0,42780.35
4553,1772,44,5.0,19842.03
4554,1773,85,4.0,37787.73
4555,1773,67,4.0,43538.88
4556,1774,57,1.0,26502.81
4557,1774,89,2.0,22629.16
4558,1775,73,2.0,16275.39
4559,1775,35,5.0,13570.4
4560,1775,99,2.0,28852.96
4561,1775,83,4.0,43634.41
4562,1776,20,4.0,4032.13
4563,1776,41,4.0,45665.49
4564,1777,95,2.0,42995.81
4565,1777,98,4.0,27007.77
4566,1778,79,5.0,40819.56
4567,1778,68,1.0,42099.3
4568,1778,87,1.0,49757.95
4569,1779,11,1.0,37964.49
4570,1780,7,3.0,30140.73
4571,1781,41,3.0,45665.49
4572,1782,96,2.0,25756.39
4573,1782,28,3.0,31820.65
4574,1783,47,5.0,26994.97
4575,1784,75,4.0,43948.22
4576,1784,61,3.0,37568.8
4577,1784,91,2.0,1149.61
4578,1785,39,1.0,40271.79
4579,1785,72,2.0,45932.83
4580,1785,20,2.0,4032.13
4581,1786,16,5.0,4926.15
4582,1786,80,4.0,38315.14
4583,1786,21,5.0,41487.29
4584,1786,71,4.0,27015.01
4585,1787,89,2.0,22629.16
4586,1787,15,2.0,5200.29
4587,1787,57,1.0,26502.81
4588,1788,18,4.0,36513.62
4589,1789,49,4.0,20030.09
4590,1789,22,1.0,44284.04
4591,1789,76,3.0,12048.67
4592,1789,57,5.0,26502.81
4593,1790,58,1.0,43052.91
4594,1790,63,5.0,7992.07
4595,1791,44,1.0,19842.03
4596,1791,48,1.0,21478.85
4597,1791,23,2.0,28909.87
4598,1792,87,4.0,49757.95
4599,1792,20,1.0,4032.13
4600,1792,86,2.0,35676.15
4601,1793,38,1.0,11529.5
4602,1793,46,5.0,12406.71
4603,1793,64,1.0,47695.41
4604,1794,22,3.0,44284.04
4605,1794,33,2.0,26753.58
4606,1794,66,3.0,25433.32
4607,1794,67,1.0,43538.88
4608,1795,41,2.0,45665.49
4609,1795,7,2.0,30140.73
4610,1795,90,3.0,11312.4
4611,1795,34,4.0,8253.78
4612,1796,44,1.0,19842.03
4613,1796,35,4.0,13570.4
4614,1796,85,1.0,37787.73
4615,1796,43,5.0,10710.06
4616,1797,17,5.0,30225.93
4617,1798,95,5.0,42995.81
4618,1799,39,4.0,40271.79
4619,1800,61,4.0,37568.8
4620,1800,50,1.0,49866.56
4621,1801,90,4.0,11312.4
4622,1801,43,3.0,10710.06
4623,1801,66,4.0,25433.32
4624,1802,91,3.0,1149.61
4625,1802,17,3.0,30225.93
4626,1802,93,3.0,458.82
4627,1802,71,2.0,27015.01
4628,1803,37,3.0,42158.31
4629,1803,11,4.0,37964.49
4630,1803,86,1.0,35676.15
4631,1803,86,3.0,35676.15
4632,1804,3,2.0,36849.91
4633,1805,32,1.0,30495.64
4634,1806,48,1.0,21478.85
4635,1806,20,5.0,4032.13
4636,1807,100,1.0,39252.51
4637,1807,10,1.0,29504.36
4638,1808,95,3.0,42995.81
4639,1809,20,5.0,4032.13
4640,1810,81,3.0,33021.57
4641,1810,86,1.0,35676.15
4642,1810,79,1.0,40819.56
4643,1810,8,2.0,10022.0
4644,1811,96,1.0,25756.39
4645,1811,24,1.0,2386.64
4646,1812,1,4.0,1348.04
4647,1813,27,1.0,19068.3
4648,1813,92,1.0,11582.73
4649,1814,42,5.0,43830.74
4650,1814,25,4.0,38676.11
4651,1814,26,4.0,42780.35
4652,1814,78,2.0,4374.11
4653,1815,37,5.0,42158.31
4654,1815,8,4.0,10022.0
4655,1815,24,5.0,2386.64
4656,1815,1,1.0,1348.04
4657,1816,26,3.0,42780.35
4658,1816,19,5.0,6328.83
4659,1817,90,1.0,11312.4
4660,1817,90,1.0,11312.4
4661,1818,24,3.0,2386.64
4662,1818,97,2.0,33481.99
4663,1819,51,5.0,25525.36
4664,1819,38,5.0,11529.5
4665,1820,65,3.0,48597.22
4666,1820,28,4.0,31820.65
4667,1820,33,3.0,26753.58
4668,1820,95,2.0,42995.81
4669,1821,84,3.0,48221.71
4670,1822,97,2.0,33481.99
4671,1822,9,1.0,21034.04
4672,1822,9,4.0,21034.04
4673,1823,94,1.0,11524.2
4674,1823,80,4.0,38315.14
4675,1823,11,4.0,37964.49
4676,1824,96,1.0,25756.39
4677,1825,76,3.0,12048.67
4678,1825,90,5.0,11312.4
4679,1825,87,1.0,49757.95
4680,1826,94,3.0,11524.2
4681,1826,58,3.0,43052.91
4682,1826,96,4.0,25756.39
4683,1827,64,3.0,47695.41
4684,1827,98,4.0,27007.77
4685,1827,41,5.0,45665.49
4686,1828,30,5.0,10554.4
4687,1828,22,1.0,44284.04
4688,1829,53,4.0,7726.78
4689,1829,60,3.0,34117.35
4690,1829,52,4.0,37813.53
4691,1830,58,2.0,43052.91
4692,1830,19,4.0,6328.83
4693,1830,54,1.0,39624.76
4694,1830,18,3.0,36513.62
4695,1831,81,2.0,33021.57
4696,1831,52,3.0,37813.53
4697,1831,2,4.0,12320.1
4698,1831,85,2.0,37787.73
4699,1832,76,2.0,12048.67
4700,1832,28,1.0,31820.65
4701,1833,51,4.0,25525.36
4702,1834,35,3.0,13570.4
4703,1834,26,1.0,42780.35
4704,1835,51,2.0,25525.36
4705,1835,39,5.0,40271.79
4706,1835,36,2.0,11058.8
4707,1835,25,4.0,38676.11
4708,1836,56,4.0,19142.8
4709,1836,21,4.0,41487.29
4710,1836,86,1.0,35676.15
4711,1836,46,1.0,12406.71
4712,1837,42,4.0,43830.74
4713,1838,19,2.0,6328.83
4714,1838,67,4.0,43538.88
4715,1838,28,4.0,31820.65
4716,1839,2,3.0,12320.1
4717,1839,81,2.0,33021.57
4718,1839,44,3.0,19842.03
4719,1839,88,5.0,21961.19
4720,1840,79,1.0,40819.56
4721,1840,77,2.0,43912.68
4722,1840,68,3.0,42099.3
4723,1840,44,3.0,19842.03
4724,1841,48,5.0,21478.85
4725,1841,61,1.0,37568.8
4726,1842,58,3.0,43052.91
4727,1843,32,2.0,30495.64
4728,1843,42,2.0,43830.74
4729,1843,41,4.0,45665.49
4730,1843,36,5.0,11058.8
4731,1844,74,3.0,5682.2
4732,1844,90,2.0,11312.4
4733,1844,17,3.0,30225.93
4734,1845,91,5.0,1149.61
4735,1845,79,2.0,40819.56
4736,1846,63,5.0,7992.07
4737,1846,61,1.0,37568.8
4738,1847,66,1.0,25433.32
4739,1847,50,2.0,49866.56
4740,1847,80,3.0,38315.14
4741,1848,68,4.0,42099.3
4742,1849,78,3.0,4374.11
4743,1849,9,4.0,21034.04
4744,1849,50,2.0,49866.56
4745,1849,99,3.0,28852.96
4746,1850,47,1.0,26994.97
4747,1850,61,2.0,37568.8
4748,1851,82,1.0,8339.84
4749,1851,42,3.0,43830.74
4750,1852,72,2.0,45932.83
4751,1852,35,3.0,13570.4
4752,1852,63,3.0,7992.07
4753,1852,78,5.0,4374.11
4754,1853,83,2.0,43634.41
4755,1853,77,5.0,43912.68
4756,1854,38,1.0,11529.5
4757,1855,68,5.0,42099.3
4758,1855,37,2.0,42158.31
4759,1856,55,1.0,29860.81
4760,1856,39,3.0,40271.79
4761,1856,27,2.0,19068.3
4762,1856,38,1.0,11529.5
4763,1857,84,4.0,48221.71
4764,1858,48,4.0,21478.85
4765,1859,58,4.0,43052.91
4766,1859,72,2.0,45932.83
4767,1860,98,3.0,27007.77
4768,1860,14,3.0,47864.93
4769,1860,59,3.0,34046.14
4770,1860,26,5.0,42780.35
4771,1861,37,2.0,42158.31
4772,1861,76,2.0,12048.67
4773,1861,42,1.0,43830.74
4774,1861,16,1.0,4926.15
4775,1862,71,4.0,27015.01
4776,1862,48,2.0,21478.85
4777,1862,41,4.0,45665.49
4778,1863,81,4.0,33021.57
4779,1864,51,2.0,25525.36
4780,1864,42,5.0,43830.74
4781,1864,98,1.0,27007.77
4782,1865,42,5.0,43830.74
4783,1865,97,5.0,33481.99
4785,1866,93,2.0,458.82
4786,1867,9,1.0,21034.04
4787,1867,18,2.0,36513.62
4788,1867,14,5.0,47864.93
4789,1867,21,2.0,41487.29
4790,1868,97,3.0,33481.99
4791,1869,44,1.0,19842.03
4792,1869,53,3.0,7726.78
4793,1869,97,1.0,33481.99
4794,1870,52,5.0,37813.53
4795,1870,8,5.0,10022.0
4796,1870,54,4.0,39624.76
4797,1870,89,2.0,22629.16
4798,1871,27,4.0,19068.3
4799,1872,15,3.0,5200.29
4800,1872,30,2.0,10554.4
4801,1873,83,5.0,43634.41
4802,1874,7,2.0,30140.73
4804,1875,29,2.0,8216.44
4805,1875,20,2.0,4032.13
4806,1875,65,3.0,48597.22
4807,1876,50,4.0,49866.56
4808,1876,3,5.0,36849.91
4809,1876,98,3.0,27007.77
4810,1877,4,4.0,4438.25
4811,1877,71,1.0,27015.01
4813,1877,76,1.0,12048.67
4814,1878,30,5.0,10554.4
4815,1878,63,1.0,7992.07
4816,1879,90,1.0,11312.4
4817,1879,75,3.0,43948.22
4818,1879,66,2.0,25433.32
4819,1880,28,2.0,31820.65
4820,1880,69,1.0,30487.61
4821,1880,81,5.0,33021.57
4822,1880,37,3.0,42158.31
4823,1881,66,4.0,25433.32
4824,1881,21,2.0,41487.29
4825,1881,97,5.0,33481.99
4826,1882,43,2.0,10710.06
4827,1882,42,3.0,43830.74
4828,1882,51,1.0,25525.36
4829,1883,58,1.0,43052.91
4830,1883,58,5.0,43052.91
4831,1883,84,5.0,48221.71
4832,1884,27,2.0,19068.3
4833,1884,15,1.0,5200.29
4834,1884,50,1.0,49866.56
4835,1884,96,2.0,25756.39
4836,1885,98,5.0,27007.77
4837,1885,95,3.0,42995.81
4838,1886,76,3.0,12048.67
4839,1886,47,4.0,26994.97
4840,1887,83,2.0,43634.41
4841,1888,28,5.0,31820.65
4842,1888,4,3.0,4438.25
4843,1888,2,2.0,12320.1
4844,1889,43,2.0,10710.06
4845,1889,64,4.0,47695.41
4846,1890,59,4.0,34046.14
4847,1890,78,2.0,4374.11
4848,1890,63,4.0,7992.07
4849,1891,86,2.0,35676.15
4850,1891,10,5.0,29504.36
4851,1891,14,1.0,47864.93
4852,1892,80,1.0,38315.14
4853,1893,36,1.0,11058.8
4854,1894,57,4.0,26502.81
4855,1894,94,5.0,11524.2
4856,1894,21,1.0,41487.29
4857,1895,48,2.0,21478.85
4858,1896,55,3.0,29860.81
4859,1896,10,3.0,29504.36
4860,1897,84,1.0,48221.71
4861,1897,39,1.0,40271.79
4862,1897,16,3.0,4926.15
4863,1897,19,3.0,6328.83
4864,1898,27,1.0,19068.3
4865,1898,82,1.0,8339.84
4866,1898,61,2.0,37568.8
4867,1898,2,1.0,12320.1
4868,1899,93,2.0,458.82
4869,1900,75,5.0,43948.22
4870,1900,35,3.0,13570.4
4871,1900,3,5.0,36849.91
4872,1900,62,1.0,5666.45
4873,1901,28,1.0,31820.65
4874,1901,51,4.0,25525.36
4875,1902,5,4.0,1685.96
4876,1903,60,4.0,34117.35
4877,1903,23,1.0,28909.87
4878,1903,74,1.0,5682.2
4879,1903,85,1.0,37787.73
4880,1904,91,3.0,1149.61
4881,1904,93,4.0,458.82
4882,1904,26,3.0,42780.35
4883,1905,86,3.0,35676.15
4884,1906,31,4.0,35120.83
4885,1906,1,1.0,1348.04
4886,1907,72,4.0,45932.83
4887,1907,30,1.0,10554.4
4888,1907,37,3.0,42158.31
4889,1907,12,5.0,34937.16
4890,1908,59,4.0,34046.14
4891,1908,70,2.0,18758.3
4892,1908,48,3.0,21478.85
4893,1909,42,3.0,43830.74
4894,1909,53,2.0,7726.78
4895,1910,48,4.0,21478.85
4896,1910,45,3.0,7229.29
4897,1910,19,4.0,6328.83
4898,1910,87,5.0,49757.95
4899,1911,47,4.0,26994.97
4900,1911,12,5.0,34937.16
4901,1911,33,2.0,26753.58
4902,1911,43,3.0,10710.06
4903,1912,58,5.0,43052.91
4904,1912,88,2.0,21961.19
4906,1912,65,2.0,48597.22
4907,1913,70,2.0,18758.3
4908,1913,74,2.0,5682.2
4909,1913,27,4.0,19068.3
4910,1914,54,1.0,39624.76
4911,1915,67,1.0,43538.88
4912,1916,33,5.0,26753.58
4913,1917,95,2.0,42995.81
4914,1917,88,3.0,21961.19
4915,1918,15,3.0,5200.29
4916,1918,94,3.0,11524.2
4917,1918,71,4.0,27015.01
4918,1918,67,4.0,43538.88
4919,1919,74,3.0,5682.2
4920,1919,96,4.0,25756.39
4921,1920,29,4.0,8216.44
4922,1921,89,2.0,22629.16
4923,1921,92,1.0,11582.73
4924,1922,64,2.0,47695.41
4925,1923,89,3.0,22629.16
4926,1924,97,4.0,33481.99
4927,1924,39,2.0,40271.79
4928,1925,25,1.0,38676.11
4929,1926,4,3.0,4438.25
4930,1927,27,2.0,19068.3
4931,1928,9,3.0,21034.04
4932,1929,16,4.0,4926.15
4933,1929,46,4.0,12406.71
4934,1929,2,5.0,12320.1
4935,1929,39,3.0,40271.79
4936,1930,48,2.0,21478.85
4937,1930,39,4.0,40271.79
4938,1930,80,5.0,38315.14
4939,1930,62,5.0,5666.45
4940,1931,87,4.0,49757.95
4941,1932,64,3.0,47695.41
4942,1933,4,3.0,4438.25
4943,1933,90,4.0,11312.4
4944,1933,50,5.0,49866.56
4945,1934,55,5.0,29860.81
4946,1935,88,4.0,21961.19
4947,1935,4,4.0,4438.25
4948,1935,5,4.0,1685.96
4949,1936,61,3.0,37568.8
4950,1937,11,2.0,37964.49
4951,1938,59,4.0,34046.14
4952,1939,31,5.0,35120.83
4953,1939,61,1.0,37568.8
4954,1939,42,3.0,43830.74
4955,1940,28,5.0,31820.65
4956,1940,53,1.0,7726.78
4957,1940,2,2.0,12320.1
4958,1940,76,1.0,12048.67
4959,1941,9,5.0,21034.04
4960,1941,24,4.0,2386.64
4961,1941,36,5.0,11058.8
4962,1941,50,5.0,49866.56
4963,1942,33,5.0,26753.58
4964,1943,90,5.0,11312.4
4965,1944,23,4.0,28909.87
4966,1944,38,2.0,11529.5
4968,1944,77,3.0,43912.68
4969,1945,15,2.0,5200.29
4970,1945,10,2.0,29504.36
4971,1945,62,4.0,5666.45
4972,1945,32,1.0,30495.64
4973,1946,100,2.0,39252.51
4974,1946,99,4.0,28852.96
4976,1946,24,2.0,2386.64
4977,1947,88,5.0,21961.19
4978,1947,64,2.0,47695.41
4979,1947,92,4.0,11582.73
4980,1948,13,2.0,13965.78
4981,1949,17,5.0,30225.93
4982,1949,73,1.0,16275.39
4983,1950,64,3.0,47695.41
4984,1950,90,4.0,11312.4
4985,1950,3,5.0,36849.91
4986,1950,89,3.0,22629.16
4987,1951,54,4.0,39624.76
4988,1952,36,4.0,11058.8
4989,1953,9,1.0,21034.04
4990,1953,12,3.0,34937.16
4991,1953,86,3.0,35676.15
4992,1953,61,4.0,37568.8
4993,1954,18,1.0,36513.62
4994,1954,4,2.0,4438.25
4995,1955,74,2.0,5682.2
4996,1956,58,5.0,43052.91
4997,1956,48,5.0,21478.85
4998,1957,62,1.0,5666.45
4999,1957,85,2.0,37787.73
5000,1957,75,4.0,43948.22
5001,1958,72,1.0,45932.83
5002,1959,26,2.0,42780.35
5003,1959,39,2.0,40271.79
5004,1960,2,3.0,12320.1
5005,1960,8,5.0,10022.0
5006,1960,2,1.0,12320.1
5007,1960,68,3.0,42099.3
5008,1961,39,2.0,40271.79
5009,1962,32,4.0,30495.64
5010,1962,28,2.0,31820.65
5011,1962,85,4.0,37787.73
5012,1963,62,2.0,5666.45
5013,1963,13,2.0,13965.78
5014,1963,50,5.0,49866.56
5015,1963,82,5.0,8339.84
5016,1964,19,2.0,6328.83
5017,1965,98,1.0,27007.77
5018,1965,62,5.0,5666.45
5019,1966,73,2.0,16275.39
5020,1967,81,4.0,33021.57
5021,1967,81,3.0,33021.57
5022,1968,34,4.0,8253.78
5023,1968,8,4.0,10022.0
5024,1969,42,4.0,43830.74
5025,1970,25,3.0,38676.11
5026,1971,58,5.0,43052.91
5027,1971,29,2.0,8216.44
5028,1971,62,5.0,5666.45
5029,1971,66,4.0,25433.32
5030,1972,31,5.0,35120.83
5031,1972,67,3.0,43538.88
5032,1973,99,1.0,28852.96
5033,1973,56,5.0,19142.8
5034,1973,4,4.0,4438.25
5035,1973,9,5.0,21034.04
5036,1974,91,2.0,1149.61
5037,1975,48,3.0,21478.85
5038,1976,36,4.0,11058.8
5039,1976,84,3.0,48221.71
5040,1976,39,5.0,40271.79
5041,1976,78,3.0,4374.11
5042,1977,61,5.0,37568.8
5043,1977,63,4.0,7992.07
5044,1977,97,5.0,33481.99
5045,1978,61,3.0,37568.8
5046,1978,12,4.0,34937.16
5047,1979,69,5.0,30487.61
5048,1979,79,1.0,40819.56
5049,1979,33,3.0,26753.58
5050,1980,37,5.0,42158.31
5051,1980,66,2.0,25433.32
5052,1980,41,3.0,45665.49
5053,1981,73,2.0,16275.39
5054,1981,45,3.0,7229.29
5055,1982,43,5.0,10710.06
5056,1982,87,4.0,49757.95
5057,1983,34,5.0,8253.78
5058,1983,55,2.0,29860.81
5059,1983,99,5.0,28852.96
5060,1984,99,3.0,28852.96
5061,1984,25,3.0,38676.11
5062,1985,27,4.0,19068.3
5063,1985,75,5.0,43948.22
5064,1985,23,1.0,28909.87
5065,1986,82,2.0,8339.84
5066,1986,27,5.0,19068.3
5067,1986,82,3.0,8339.84
5068,1987,83,4.0,43634.41
5069,1987,48,2.0,21478.85
5070,1988,62,3.0,5666.45
5071,1988,73,4.0,16275.39
5072,1988,69,3.0,30487.61
5073,1988,19,3.0,6328.83
5074,1989,33,1.0,26753.58
5075,1990,71,4.0,27015.01
5076,1990,1,1.0,1348.04
5077,1990,25,3.0,38676.11
5078,1990,64,4.0,47695.41
5079,1991,66,5.0,25433.32
5080,1991,54,2.0,39624.76
5081,1991,35,1.0,13570.4
5082,1992,81,4.0,33021.57
5083,1992,77,1.0,43912.68
5084,1992,61,4.0,37568.8
5085,1992,50,3.0,49866.56
5086,1993,18,2.0,36513.62
5087,1994,47,1.0,26994.97
5088,1995,9,3.0,21034.04
5089,1996,71,5.0,27015.01
5090,1997,17,1.0,30225.93
5091,1997,96,4.0,25756.39
5092,1997,27,1.0,19068.3
5093,1998,2,1.0,12320.1
5094,1999,80,3.0,38315.14
5095,1999,37,4.0,42158.31
5096,1999,31,2.0,35120.83
5097,2000,80,5.0,38315.14
5098,2000,74,3.0,5682.2
